Visitor/Neutral,PTS,Home/Neutral,PTS2,AwayOdds,HomeOdds,Date,Start (ET),PTS.1,Attend.,LOG,Arena
New York Knicks,109,Boston Celtics,132,185,-225,Tue Oct 22 2024,7:30p,132,19156,2:04,TD Garden
Minnesota Timberwolves,103,Los Angeles Lakers,110,-113,-106,Tue Oct 22 2024,10:00p,110,18997,2:26,Crypto.com Arena
Indiana Pacers,115,Detroit Pistons,109,-208,172,Wed Oct 23 2024,7:00p,109,20062,2:23,Little Caesars Arena
Brooklyn Nets,116,Atlanta Hawks,120,225,-278,Wed Oct 23 2024,7:30p,120,17548,2:33,State Farm Arena
Orlando Magic,116,Miami Heat,97,109,-129,Wed Oct 23 2024,7:30p,97,19630,2:31,Kaseya Center
Milwaukee Bucks,124,Philadelphia 76ers,109,-151,135,Wed Oct 23 2024,7:30p,109,19754,2:28,Wells Fargo Center
Cleveland Cavaliers,136,Toronto Raptors,106,-250,200,Wed Oct 23 2024,7:30p,106,19800,2:18,Scotiabank Arena
Charlotte Hornets,110,Houston Rockets,105,240,-300,Wed Oct 23 2024,8:00p,105,18055,2:20,Toyota Center
Chicago Bulls,111,New Orleans Pelicans,123,217,-267,Wed Oct 23 2024,8:00p,123,18581,2:11,Smoothie King Center
Memphis Grizzlies,126,Utah Jazz,124,-145,120,Wed Oct 23 2024,9:00p,124,18175,2:33,Delta Center
Phoenix Suns,116,Los Angeles Clippers,113,-188,157,Wed Oct 23 2024,10:00p,113,18300,2:45,Intuit Dome
Golden State Warriors,140,Portland Trail Blazers,104,-224,184,Wed Oct 23 2024,10:00p,104,19480,2:17,Moda Center
Boston Celtics,122,Washington Wizards,102,-1042,668,Thu Oct 24 2024,7:00p,102,18610,2:11,Capital One Arena
San Antonio Spurs,109,Dallas Mavericks,120,298,-377,Thu Oct 24 2024,7:30p,120,20373,2:18,American Airlines Center
Minnesota Timberwolves,117,Sacramento Kings,115,102,-122,Thu Oct 24 2024,10:00p,115,18049,2:22,Golden 1 Center
Oklahoma City Thunder,102,Denver Nuggets,87,-250,230,Thu Oct 24 2024,10:00p,87,19786,2:10,Ball Arena
Brooklyn Nets,101,Orlando Magic,116,475,-650,Fri Oct 25 2024,7:00p,116,19087,2:31,Kia Center
Philadelphia 76ers,107,Toronto Raptors,115,-200,185,Fri Oct 25 2024,7:00p,115,18345,2:47,Scotiabank Arena
Charlotte Hornets,120,Atlanta Hawks,125,185,-225,Fri Oct 25 2024,7:30p,125,14433,2:32,State Farm Arena
Detroit Pistons,101,Cleveland Cavaliers,113,422,-575,Fri Oct 25 2024,7:30p,113,19432,2:10,Rocket Mortgage Fieldhouse
Indiana Pacers,98,New York Knicks,123,131,-155,Fri Oct 25 2024,7:30p,123,19812,2:21,Madison Square Garden (IV)
Memphis Grizzlies,108,Houston Rockets,128,143,-172,Fri Oct 25 2024,8:00p,128,18055,2:31,Toyota Center
Chicago Bulls,133,Milwaukee Bucks,122,333,-450,Fri Oct 25 2024,8:00p,122,17790,2:13,Fiserv Forum
Golden State Warriors,127,Utah Jazz,86,-258,210,Fri Oct 25 2024,9:30p,86,18175,2:07,Delta Center
Phoenix Suns,116,Los Angeles Lakers,123,-156,132,Fri Oct 25 2024,10:00p,123,18997,2:17,Crypto.com Arena
New Orleans Pelicans,105,Portland Trail Blazers,103,-258,210,Fri Oct 25 2024,10:00p,103,16190,2:23,Moda Center
Los Angeles Clippers,109,Denver Nuggets,104,280,-355,Sat Oct 26 2024,5:00p,104,19691,2:23,Ball Arena
Cleveland Cavaliers,135,Washington Wizards,116,-452,350,Sat Oct 26 2024,7:00p,116,15156,2:23,Capital One Arena
Boston Celtics,124,Detroit Pistons,118,-900,600,Sat Oct 26 2024,7:00p,118,19311,2:00,Little Caesars Arena
Miami Heat,114,Charlotte Hornets,106,-275,220,Sat Oct 26 2024,7:00p,106,19102,2:23,Spectrum Center
Orlando Magic,111,Memphis Grizzlies,124,-108,-112,Sat Oct 26 2024,8:00p,124,17809,2:16,FedEx Forum
Toronto Raptors,101,Minnesota Timberwolves,112,750,-1200,Sat Oct 26 2024,8:00p,112,18978,2:12,Target Center
Oklahoma City Thunder,114,Chicago Bulls,95,-425,330,Sat Oct 26 2024,8:00p,95,20923,2:09,United Center
Houston Rockets,106,San Antonio Spurs,109,-124,100,Sat Oct 26 2024,8:30p,109,18715,2:26,Frost Bank Center
Houston Rockets,106,San Antonio Spurs,109,-124,100,Mon Oct 28 2024,8:00p,101,17519,2:23,Frost Bank Center
Houston Rockets,106,San Antonio Spurs,101,-124,100,Sat Oct 26 2024,8:30p,109,18715,2:26,Frost Bank Center
Houston Rockets,106,San Antonio Spurs,101,-124,100,Mon Oct 28 2024,8:00p,101,17519,2:23,Frost Bank Center
Dallas Mavericks,102,Phoenix Suns,114,-138,116,Sat Oct 26 2024,10:00p,114,17071,2:22,Footprint Center
Sacramento Kings,127,Los Angeles Lakers,131,-107,-112,Sat Oct 26 2024,10:30p,131,18997,2:18,Crypto.com Arena
Philadelphia 76ers,118,Indiana Pacers,114,258,-333,Sun Oct 27 2024,3:30p,114,17274,2:52,Gainbridge Fieldhouse
New Orleans Pelicans,103,Portland Trail Blazers,125,-250,205,Sun Oct 27 2024,6:00p,125,16138,2:09,Moda Center
Milwaukee Bucks,102,Brooklyn Nets,115,-372,292,Sun Oct 27 2024,6:00p,115,17926,2:19,Barclays Center
Atlanta Hawks,104,Oklahoma City Thunder,128,385,-522,Sun Oct 27 2024,7:00p,128,18203,2:23,Paycom Center
Los Angeles Clippers,112,Golden State Warriors,104,294,-322,Sun Oct 27 2024,8:30p,104,18064,2:22,Chase Center
Indiana Pacers,115,Orlando Magic,119,-112,-108,Mon Oct 28 2024,7:00p,119,18846,2:31,Kia Center
Washington Wizards,121,Atlanta Hawks,119,-192,160,Mon Oct 28 2024,7:30p,119,14566,2:26,State Farm Arena
Milwaukee Bucks,108,Boston Celtics,119,159,-190,Mon Oct 28 2024,7:30p,119,19156,2:18,TD Garden
Denver Nuggets,127,Toronto Raptors,125,-360,282,Mon Oct 28 2024,7:30p,125,19082,2:35,Scotiabank Arena
Detroit Pistons,98,Miami Heat,106,102,-122,Mon Oct 28 2024,7:30p,106,19626,2:18,Kaseya Center
Cleveland Cavaliers,110,New York Knicks,104,128,-157,Mon Oct 28 2024,7:30p,104,19812,2:23,Madison Square Garden (IV)
Chicago Bulls,126,Memphis Grizzlies,123,177,-212,Mon Oct 28 2024,8:00p,123,15906,2:09,FedEx Forum
Utah Jazz,102,Dallas Mavericks,110,312,-400,Mon Oct 28 2024,8:30p,110,19811,2:16,American Airlines Center
Portland Trail Blazers,98,Sacramento Kings,111,537,-774,Mon Oct 28 2024,10:00p,111,16426,2:26,Golden 1 Center
Los Angeles Lakers,105,Phoenix Suns,109,132,-156,Mon Oct 28 2024,10:00p,109,17071,2:17,Footprint Center
Denver Nuggets,144,Brooklyn Nets,139,-193,161,Tue Oct 29 2024,7:30p,139,17926,2:46,Barclays Center
Dallas Mavericks,120,Minnesota Timberwolves,114,162,-194,Tue Oct 29 2024,7:30p,114,18978,2:24,Target Center
Sacramento Kings,113,Utah Jazz,96,-234,190,Tue Oct 29 2024,9:00p,96,18175,1:59,Delta Center
New Orleans Pelicans,106,Golden State Warriors,124,-126,106,Tue Oct 29 2024,10:00p,124,18064,2:20,Chase Center
Detroit Pistons,105,Philadelphia 76ers,95,153,-183,Wed Oct 30 2024,7:00p,95,19759,2:15,Wells Fargo Center
Atlanta Hawks,120,Washington Wizards,133,-192,160,Wed Oct 30 2024,7:00p,133,14255,2:25,Capital One Arena
Boston Celtics,132,Indiana Pacers,135,-256,208,Wed Oct 30 2024,7:00p,135,17274,2:37,Gainbridge Fieldhouse
Los Angeles Lakers,110,Cleveland Cavaliers,134,157,-188,Wed Oct 30 2024,7:00p,134,19432,2:07,Rocket Mortgage Fieldhouse
Toronto Raptors,133,Charlotte Hornets,138,204,-252,Wed Oct 30 2024,7:00p,138,13113,2:18,Spectrum Center
New York Knicks,116,Miami Heat,107,-129,108,Wed Oct 30 2024,7:30p,107,19620,2:10,Kaseya Center
Orlando Magic,99,Chicago Bulls,102,185,-225,Wed Oct 30 2024,8:00p,102,19015,2:19,United Center
Brooklyn Nets,119,Memphis Grizzlies,106,-136,116,Wed Oct 30 2024,8:00p,106,14745,2:26,FedEx Forum
San Antonio Spurs,93,Oklahoma City Thunder,105,549,-787,Wed Oct 30 2024,9:30p,105,17136,2:01,Paycom Center
New Orleans Pelicans,89,Golden State Warriors,104,-126,106,Wed Oct 30 2024,10:00p,104,18064,2:19,Chase Center
Portland Trail Blazers,106,Los Angeles Clippers,105,272,-342,Wed Oct 30 2024,10:30p,105,16727,2:11,Intuit Dome
Milwaukee Bucks,99,Memphis Grizzlies,122,-247,201,Thu Oct 31 2024,8:00p,122,15377,2:12,FedEx Forum
Houston Rockets,108,Dallas Mavericks,102,206,-253,Thu Oct 31 2024,8:30p,102,20011,2:21,American Airlines Center
San Antonio Spurs,106,Utah Jazz,88,-256,209,Thu Oct 31 2024,9:00p,88,18175,2:10,Delta Center
Phoenix Suns,125,Los Angeles Clippers,119,-188,157,Thu Oct 31 2024,10:30p,119,16827,2:15,Intuit Dome
Boston Celtics,124,Charlotte Hornets,109,-606,438,Fri Nov 1 2024,7:00p,109,18557,2:17,Spectrum Center
Orlando Magic,109,Cleveland Cavaliers,120,236,-292,Fri Nov 1 2024,7:00p,120,19432,2:20,Rocket Mortgage Fieldhouse
New York Knicks,128,Detroit Pistons,98,-263,214,Fri Nov 1 2024,7:00p,98,17022,1:55,Little Caesars Arena
Sacramento Kings,123,Atlanta Hawks,115,-234,190,Fri Nov 1 2024,7:30p,115,15156,2:16,State Farm Arena
Chicago Bulls,112,Brooklyn Nets,120,104,-123,Fri Nov 1 2024,7:30p,120,17977,2:07,Barclays Center
Los Angeles Lakers,131,Toronto Raptors,125,-595,432,Fri Nov 1 2024,7:30p,125,19800,2:25,Scotiabank Arena
Indiana Pacers,118,New Orleans Pelicans,125,-184,154,Fri Nov 1 2024,8:00p,125,15133,2:10,Smoothie King Center
Denver Nuggets,116,Minnesota Timberwolves,119,153,-184,Fri Nov 1 2024,9:30p,119,18978,2:25,Target Center
Oklahoma City Thunder,137,Portland Trail Blazers,114,-612,452,Fri Nov 1 2024,10:00p,114,17815,2:11,Moda Center
Boston Celtics,113,Charlotte Hornets,103,-606,438,Sat Nov 2 2024,6:00p,103,19253,2:09,Spectrum Center
Memphis Grizzlies,124,Philadelphia 76ers,107,-135,110,Sat Nov 2 2024,7:30p,107,20066,2:12,Wells Fargo Center
Sacramento Kings,128,Toronto Raptors,131,-662,485,Sat Nov 2 2024,7:30p,131,19815,2:58,Scotiabank Arena
Golden State Warriors,127,Houston Rockets,121,158,-191,Sat Nov 2 2024,8:00p,121,18055,2:43,Toyota Center
Cleveland Cavaliers,114,Milwaukee Bucks,113,110,-130,Sat Nov 2 2024,8:00p,113,17341,2:15,Fiserv Forum
Minnesota Timberwolves,103,San Antonio Spurs,113,-167,141,Sat Nov 2 2024,8:00p,113,18257,2:12,Frost Bank Center
Miami Heat,118,Washington Wizards,98,-479,355,Sat Nov 2 2024,9:30p,98,20328,2:16,Mexico City Arena
Utah Jazz,103,Denver Nuggets,129,220,-270,Sat Nov 2 2024,10:00p,129,19702,2:28,Ball Arena
Portland Trail Blazers,97,Phoenix Suns,103,600,-900,Sat Nov 2 2024,10:00p,103,17071,2:08,Footprint Center
Oklahoma City Thunder,105,Los Angeles Clippers,92,-270,220,Sat Nov 2 2024,10:30p,92,16827,2:11,Intuit Dome
Detroit Pistons,106,Brooklyn Nets,92,370,-485,Sun Nov 3 2024,3:30p,92,17086,2:22,Barclays Center
Atlanta Hawks,126,New Orleans Pelicans,111,142,-170,Sun Nov 3 2024,7:00p,111,15505,2:07,Smoothie King Center
Orlando Magic,85,Dallas Mavericks,108,220,-270,Sun Nov 3 2024,7:30p,108,19977,2:19,American Airlines Center
Milwaukee Bucks,114,Cleveland Cavaliers,116,225,-275,Mon Nov 4 2024,7:00p,116,19432,2:02,Rocket Mortgage Fieldhouse
Golden State Warriors,125,Washington Wizards,112,-495,370,Mon Nov 4 2024,7:15p,112,15674,2:20,Capital One Arena
Los Angeles Lakers,103,Detroit Pistons,115,-296,238,Mon Nov 4 2024,7:30p,115,20062,2:15,Little Caesars Arena
Boston Celtics,123,Atlanta Hawks,93,-1200,737,Mon Nov 4 2024,7:45p,93,15031,1:56,State Farm Arena
Memphis Grizzlies,104,Brooklyn Nets,106,-170,145,Mon Nov 4 2024,8:00p,106,18088,2:14,Barclays Center
Sacramento Kings,111,Miami Heat,110,105,-125,Mon Nov 4 2024,8:15p,110,19604,2:20,Kaseya Center
Utah Jazz,135,Chicago Bulls,126,245,-302,Mon Nov 4 2024,8:30p,126,19621,2:22,United Center
New York Knicks,97,Houston Rockets,109,-130,110,Mon Nov 4 2024,8:45p,109,16417,2:08,Toyota Center
Charlotte Hornets,93,Minnesota Timberwolves,114,474,-691,Mon Nov 4 2024,9:00p,114,18978,2:15,Target Center
Orlando Magic,86,Oklahoma City Thunder,102,575,-850,Mon Nov 4 2024,9:15p,102,17044,2:15,Paycom Center
Portland Trail Blazers,118,New Orleans Pelicans,100,-370,295,Mon Nov 4 2024,9:30p,100,14932,2:07,Smoothie King Center
Indiana Pacers,134,Dallas Mavericks,127,157,-194,Mon Nov 4 2024,9:45p,127,19613,2:12,American Airlines Center
Toronto Raptors,119,Denver Nuggets,121,410,-550,Mon Nov 4 2024,10:00p,121,19525,2:19,Ball Arena
Philadelphia 76ers,116,Phoenix Suns,118,250,-322,Mon Nov 4 2024,10:15p,118,17071,2:18,Footprint Center
San Antonio Spurs,104,Los Angeles Clippers,113,150,-180,Mon Nov 4 2024,10:30p,113,15927,2:05,Intuit Dome
Detroit Pistons,107,Charlotte Hornets,108,101,-121,Wed Nov 6 2024,7:00p,108,13247,2:11,Spectrum Center
Orlando Magic,111,Indiana Pacers,118,-108,-112,Wed Nov 6 2024,7:00p,118,16218,2:20,Gainbridge Fieldhouse
New York Knicks,116,Atlanta Hawks,121,-285,230,Wed Nov 6 2024,7:30p,121,16072,2:16,State Farm Arena
Golden State Warriors,118,Boston Celtics,112,213,-260,Wed Nov 6 2024,7:30p,112,19156,2:21,TD Garden
San Antonio Spurs,100,Houston Rockets,127,120,-145,Wed Nov 6 2024,8:00p,127,16208,1:59,Toyota Center
Los Angeles Lakers,114,Memphis Grizzlies,131,-305,243,Wed Nov 6 2024,8:00p,131,17794,2:11,FedEx Forum
Cleveland Cavaliers,131,New Orleans Pelicans,122,-259,210,Wed Nov 6 2024,8:00p,122,15694,2:11,Smoothie King Center
Chicago Bulls,99,Dallas Mavericks,119,387,-520,Wed Nov 6 2024,8:30p,119,20011,2:09,American Airlines Center
Oklahoma City Thunder,122,Denver Nuggets,124,109,-129,Wed Nov 6 2024,9:00p,124,19522,2:19,Ball Arena
Miami Heat,112,Phoenix Suns,115,168,-201,Wed Nov 6 2024,9:00p,115,17071,2:20,Footprint Center
Philadelphia 76ers,98,Los Angeles Clippers,110,-102,-116,Wed Nov 6 2024,10:00p,110,15627,2:21,Intuit Dome
Toronto Raptors,107,Sacramento Kings,122,485,-662,Wed Nov 6 2024,10:00p,122,16026,2:11,Golden 1 Center
Minnesota Timberwolves,135,Chicago Bulls,119,-431,333,Thu Nov 7 2024,8:00p,119,19621,2:03,United Center
Utah Jazz,100,Milwaukee Bucks,123,300,-380,Thu Nov 7 2024,8:00p,123,17341,2:14,Fiserv Forum
Portland Trail Blazers,105,San Antonio Spurs,118,145,-173,Thu Nov 7 2024,8:00p,118,17120,2:09,Frost Bank Center
Indiana Pacers,83,Charlotte Hornets,103,-275,223,Fri Nov 8 2024,7:00p,103,17024,2:13,Spectrum Center
Atlanta Hawks,121,Detroit Pistons,122,-102,117,Fri Nov 8 2024,7:00p,122,17913,2:19,Little Caesars Arena
New Orleans Pelicans,88,Orlando Magic,115,192,-238,Fri Nov 8 2024,7:00p,115,18565,2:07,Kia Center
Brooklyn Nets,104,Boston Celtics,108,293,-373,Fri Nov 8 2024,7:30p,108,19156,2:26,TD Garden
Golden State Warriors,117,Cleveland Cavaliers,136,140,-160,Fri Nov 8 2024,7:30p,136,19432,2:10,Rocket Mortgage Fieldhouse
Phoenix Suns,114,Dallas Mavericks,113,116,-138,Fri Nov 8 2024,7:30p,113,20277,2:21,American Airlines Center
Milwaukee Bucks,94,New York Knicks,116,215,-260,Fri Nov 8 2024,7:30p,116,19812,2:07,Madison Square Garden (IV)
Washington Wizards,104,Memphis Grizzlies,128,-125,116,Fri Nov 8 2024,8:00p,128,16216,2:23,FedEx Forum
Houston Rockets,107,Oklahoma City Thunder,126,210,-258,Fri Nov 8 2024,8:00p,126,18203,2:14,Paycom Center
Miami Heat,122,Denver Nuggets,135,125,-155,Fri Nov 8 2024,9:00p,135,19621,2:11,Ball Arena
Portland Trail Blazers,102,Minnesota Timberwolves,127,310,-397,Fri Nov 8 2024,9:00p,127,18978,2:08,Target Center
Philadelphia 76ers,106,Los Angeles Lakers,116,245,-307,Fri Nov 8 2024,10:00p,116,18485,2:15,Crypto.com Arena
Los Angeles Clippers,107,Sacramento Kings,98,205,-250,Fri Nov 8 2024,10:00p,98,17832,2:26,Golden 1 Center
Utah Jazz,111,San Antonio Spurs,110,-256,209,Sat Nov 9 2024,5:00p,110,18354,2:22,Frost Bank Center
Chicago Bulls,125,Atlanta Hawks,113,120,-142,Sat Nov 9 2024,7:30p,113,17826,2:17,State Farm Arena
Brooklyn Nets,100,Cleveland Cavaliers,105,552,-797,Sat Nov 9 2024,7:30p,105,19432,2:17,Rocket Mortgage Fieldhouse
Toronto Raptors,103,Los Angeles Clippers,105,205,-250,Sat Nov 9 2024,10:30p,105,17927,2:23,Intuit Dome
Houston Rockets,101,Detroit Pistons,99,-175,145,Sun Nov 10 2024,3:00p,99,18744,2:21,Little Caesars Arena
Boston Celtics,113,Milwaukee Bucks,107,-190,159,Sun Nov 10 2024,3:30p,107,17341,2:16,Fiserv Forum
New York Knicks,121,Indiana Pacers,132,-155,131,Sun Nov 10 2024,5:00p,132,17274,2:22,Gainbridge Fieldhouse
Washington Wizards,94,Orlando Magic,121,452,-612,Sun Nov 10 2024,6:00p,121,18352,2:20,Kia Center
Miami Heat,95,Minnesota Timberwolves,94,276,-345,Sun Nov 10 2024,7:00p,94,18978,2:28,Target Center
Golden State Warriors,127,Oklahoma City Thunder,116,205,-250,Sun Nov 10 2024,7:00p,116,18203,2:20,Paycom Center
Charlotte Hornets,105,Philadelphia 76ers,107,159,-190,Sun Nov 10 2024,7:00p,107,19764,2:47,Wells Fargo Center
Dallas Mavericks,120,Denver Nuggets,122,107,-127,Sun Nov 10 2024,8:00p,122,19908,2:11,Ball Arena
Sacramento Kings,127,Phoenix Suns,118,-300,240,Sun Nov 10 2024,8:00p,118,17071,2:31,Footprint Center
Memphis Grizzlies,134,Portland Trail Blazers,89,-112,-107,Sun Nov 10 2024,9:00p,89,18477,2:05,Moda Center
Toronto Raptors,103,Los Angeles Lakers,123,432,-595,Sun Nov 10 2024,9:30p,123,18997,2:25,Crypto.com Arena
Cleveland Cavaliers,119,Chicago Bulls,113,-320,260,Mon Nov 11 2024,8:00p,113,20560,2:06,United Center
Washington Wizards,92,Houston Rockets,107,639,-971,Mon Nov 11 2024,8:00p,107,15998,2:16,Toyota Center
Brooklyn Nets,107,New Orleans Pelicans,105,-123,103,Mon Nov 11 2024,8:00p,105,16895,2:18,Smoothie King Center
Los Angeles Clippers,128,Oklahoma City Thunder,134,220,-270,Mon Nov 11 2024,8:00p,134,17430,2:25,Paycom Center
Sacramento Kings,96,San Antonio Spurs,116,-126,107,Mon Nov 11 2024,8:00p,116,17163,2:03,Frost Bank Center
Atlanta Hawks,117,Boston Celtics,116,740,-1176,Tue Nov 12 2024,7:00p,116,19156,2:13,TD Garden
Miami Heat,121,Detroit Pistons,123,-122,102,Tue Nov 12 2024,7:00p,123,17806,2:36,Little Caesars Arena
Charlotte Hornets,89,Orlando Magic,114,259,-322,Tue Nov 12 2024,7:00p,114,17541,2:12,Kia Center
New York Knicks,111,Philadelphia 76ers,99,-158,134,Tue Nov 12 2024,7:30p,99,19758,2:24,Wells Fargo Center
Toronto Raptors,85,Milwaukee Bucks,99,261,-331,Tue Nov 12 2024,8:00p,99,17341,2:14,Fiserv Forum
Phoenix Suns,120,Utah Jazz,112,-170,143,Tue Nov 12 2024,9:00p,112,18175,2:05,Delta Center
Dallas Mavericks,117,Golden State Warriors,120,124,-147,Tue Nov 12 2024,10:00p,120,18064,2:25,Chase Center
Minnesota Timberwolves,108,Portland Trail Blazers,122,-375,300,Tue Nov 12 2024,10:00p,122,16880,2:14,Moda Center
Indiana Pacers,90,Orlando Magic,94,-108,-112,Wed Nov 13 2024,7:00p,94,17087,2:10,Kia Center
Boston Celtics,139,Brooklyn Nets,114,-373,293,Wed Nov 13 2024,7:30p,114,18112,2:10,Barclays Center
Chicago Bulls,124,New York Knicks,123,240,-298,Wed Nov 13 2024,7:30p,123,19812,2:16,Madison Square Garden (IV)
New Orleans Pelicans,88,Oklahoma City Thunder,106,713,-1136,Wed Nov 13 2024,7:30p,106,17180,2:12,Paycom Center
Cleveland Cavaliers,114,Philadelphia 76ers,106,-450,346,Wed Nov 13 2024,7:30p,106,19777,1:59,Wells Fargo Center
Los Angeles Clippers,103,Houston Rockets,111,155,-190,Wed Nov 13 2024,8:00p,111,16493,2:06,Toyota Center
Detroit Pistons,120,Milwaukee Bucks,127,232,-285,Wed Nov 13 2024,8:00p,127,17341,2:43,Fiserv Forum
Washington Wizards,130,San Antonio Spurs,139,345,-455,Wed Nov 13 2024,8:00p,139,16602,2:22,Frost Bank Center
Memphis Grizzlies,123,Los Angeles Lakers,128,243,-300,Wed Nov 13 2024,10:00p,128,18997,2:31,Crypto.com Arena
Minnesota Timberwolves,98,Portland Trail Blazers,106,-397,310,Wed Nov 13 2024,10:00p,106,17353,2:13,Moda Center
Phoenix Suns,104,Sacramento Kings,127,240,-300,Wed Nov 13 2024,10:00p,127,16204,2:02,Golden 1 Center
Dallas Mavericks,113,Utah Jazz,115,-336,263,Thu Nov 14 2024,9:00p,115,18175,2:10,Delta Center
Miami Heat,124,Indiana Pacers,111,105,-130,Fri Nov 15 2024,7:00p,111,17274,2:10,Gainbridge Fieldhouse
Philadelphia 76ers,86,Orlando Magic,98,110,-131,Fri Nov 15 2024,7:00p,98,17843,2:25,Kia Center
Detroit Pistons,99,Toronto Raptors,95,-127,106,Fri Nov 15 2024,7:00p,95,19245,2:20,Scotiabank Arena
Washington Wizards,117,Atlanta Hawks,129,335,-427,Fri Nov 15 2024,7:30p,129,16038,2:15,State Farm Arena
Chicago Bulls,126,Cleveland Cavaliers,144,390,-520,Fri Nov 15 2024,7:30p,144,19432,2:11,Rocket Mortgage Fieldhouse
Brooklyn Nets,122,New York Knicks,124,356,-427,Fri Nov 15 2024,7:30p,124,19812,2:43,Madison Square Garden (IV)
Los Angeles Lakers,120,San Antonio Spurs,115,-145,122,Fri Nov 15 2024,7:30p,115,18916,2:18,Frost Bank Center
Los Angeles Clippers,104,Houston Rockets,125,168,-198,Fri Nov 15 2024,8:00p,125,18055,2:13,Toyota Center
Denver Nuggets,94,New Orleans Pelicans,101,-225,190,Fri Nov 15 2024,8:00p,101,16137,2:04,Smoothie King Center
Phoenix Suns,83,Oklahoma City Thunder,99,260,-320,Fri Nov 15 2024,8:00p,99,18203,2:17,Paycom Center
Memphis Grizzlies,118,Golden State Warriors,123,243,-305,Fri Nov 15 2024,10:00p,123,18064,2:35,Chase Center
Minnesota Timberwolves,130,Sacramento Kings,126,-125,105,Fri Nov 15 2024,10:00p,126,16478,2:25,Golden 1 Center
Milwaukee Bucks,114,Charlotte Hornets,115,-167,140,Sat Nov 16 2024,3:00p,115,19145,2:15,Spectrum Center
Toronto Raptors,123,Boston Celtics,126,900,-1600,Sat Nov 16 2024,8:00p,126,19156,2:27,TD Garden
Los Angeles Lakers,104,New Orleans Pelicans,99,-300,240,Sat Nov 16 2024,8:00p,99,18761,2:12,Smoothie King Center
San Antonio Spurs,93,Dallas Mavericks,110,310,-392,Sat Nov 16 2024,8:30p,110,20311,2:10,American Airlines Center
Utah Jazz,117,Sacramento Kings,121,240,-300,Sat Nov 16 2024,10:00p,121,16568,2:35,Golden 1 Center
Phoenix Suns,117,Minnesota Timberwolves,120,235,-290,Sun Nov 17 2024,3:30p,120,18978,2:16,Target Center
Miami Heat,110,Indiana Pacers,119,120,-145,Sun Nov 17 2024,5:00p,119,16184,2:15,Gainbridge Fieldhouse
Charlotte Hornets,114,Cleveland Cavaliers,128,350,-450,Sun Nov 17 2024,6:00p,128,19432,2:16,Rocket Mortgage Fieldhouse
Denver Nuggets,90,Memphis Grizzlies,105,110,-130,Sun Nov 17 2024,6:00p,105,16351,2:12,FedEx Forum
Atlanta Hawks,110,Portland Trail Blazers,114,-177,148,Sun Nov 17 2024,6:00p,114,17384,2:25,Moda Center
Detroit Pistons,124,Washington Wizards,104,-196,164,Sun Nov 17 2024,6:00p,104,14789,2:08,Capital One Arena
Houston Rockets,143,Chicago Bulls,107,-198,164,Sun Nov 17 2024,7:00p,107,20667,2:08,United Center
Brooklyn Nets,104,New York Knicks,114,356,-474,Sun Nov 17 2024,7:00p,114,19812,2:20,Madison Square Garden (IV)
Dallas Mavericks,121,Oklahoma City Thunder,119,180,-220,Sun Nov 17 2024,7:00p,119,18203,2:33,Paycom Center
Utah Jazz,105,Los Angeles Clippers,116,360,-465,Sun Nov 17 2024,9:00p,116,15500,2:02,Intuit Dome
Chicago Bulls,122,Detroit Pistons,112,156,-187,Mon Nov 18 2024,7:00p,112,18022,2:09,Little Caesars Arena
Philadelphia 76ers,89,Miami Heat,106,168,-202,Mon Nov 18 2024,7:30p,106,19608,2:10,Kaseya Center
Washington Wizards,106,New York Knicks,134,643,-980,Mon Nov 18 2024,7:30p,134,19812,2:00,Madison Square Garden (IV)
Indiana Pacers,119,Toronto Raptors,130,-135,114,Mon Nov 18 2024,7:30p,130,19025,2:16,Scotiabank Arena
Houston Rockets,100,Milwaukee Bucks,101,135,-159,Mon Nov 18 2024,8:00p,101,17341,2:12,Fiserv Forum
Orlando Magic,109,Phoenix Suns,99,-162,136,Mon Nov 18 2024,9:00p,99,17071,2:21,Footprint Center
Atlanta Hawks,109,Sacramento Kings,108,164,-198,Mon Nov 18 2024,10:00p,108,16333,2:10,Golden 1 Center
Golden State Warriors,99,Los Angeles Clippers,102,-322,294,Mon Nov 18 2024,10:30p,102,17927,2:11,Intuit Dome
Cleveland Cavaliers,117,Boston Celtics,120,200,-246,Tue Nov 19 2024,7:00p,120,19156,2:16,TD Garden
Charlotte Hornets,115,Brooklyn Nets,116,-102,-119,Tue Nov 19 2024,7:30p,116,18117,2:32,Barclays Center
Denver Nuggets,122,Memphis Grizzlies,110,135,-165,Tue Nov 19 2024,8:00p,110,15377,2:25,FedEx Forum
New Orleans Pelicans,91,Dallas Mavericks,132,600,-900,Tue Nov 19 2024,8:30p,132,20077,2:08,American Airlines Center
Oklahoma City Thunder,104,San Antonio Spurs,110,-515,390,Tue Nov 19 2024,9:30p,110,16667,2:16,Frost Bank Center
Utah Jazz,118,Los Angeles Lakers,124,400,-542,Tue Nov 19 2024,10:30p,124,18997,2:16,Crypto.com Arena
New Orleans Pelicans,100,Cleveland Cavaliers,128,645,-974,Wed Nov 20 2024,7:30p,128,19432,1:59,Rocket Mortgage Fieldhouse
Chicago Bulls,106,Milwaukee Bucks,122,270,-340,Wed Nov 20 2024,7:30p,122,17341,2:18,Fiserv Forum
Indiana Pacers,113,Houston Rockets,130,190,-230,Wed Nov 20 2024,8:00p,130,16087,2:18,Toyota Center
Philadelphia 76ers,111,Memphis Grizzlies,117,-142,120,Wed Nov 20 2024,8:00p,117,15533,2:19,FedEx Forum
Portland Trail Blazers,99,Oklahoma City Thunder,109,569,-824,Wed Nov 20 2024,8:00p,109,17752,2:17,Paycom Center
Atlanta Hawks,97,Golden State Warriors,120,275,-345,Wed Nov 20 2024,10:00p,120,18064,2:08,Chase Center
New York Knicks,138,Phoenix Suns,122,-203,169,Wed Nov 20 2024,10:00p,122,17071,2:16,Footprint Center
Orlando Magic,93,Los Angeles Clippers,104,-152,128,Wed Nov 20 2024,10:30p,104,16563,2:16,Intuit Dome
Detroit Pistons,121,Charlotte Hornets,123,-135,114,Thu Nov 21 2024,7:00p,123,14671,2:39,Spectrum Center
Minnesota Timberwolves,105,Toronto Raptors,110,-270,220,Thu Nov 21 2024,7:30p,110,19296,2:24,Scotiabank Arena
Utah Jazz,118,San Antonio Spurs,126,124,-149,Thu Nov 21 2024,8:00p,126,17087,2:22,Frost Bank Center
Orlando Magic,119,Los Angeles Lakers,118,189,-227,Thu Nov 21 2024,10:30p,118,18997,2:21,Crypto.com Arena
Brooklyn Nets,98,Philadelphia 76ers,113,157,-178,Fri Nov 22 2024,7:00p,113,19817,2:06,Wells Fargo Center
Boston Celtics,108,Washington Wizards,96,-1449,952,Fri Nov 22 2024,7:00p,96,20385,2:24,Capital One Arena
Golden State Warriors,112,New Orleans Pelicans,108,-497,395,Fri Nov 22 2024,7:30p,108,16820,2:28,Smoothie King Center
Atlanta Hawks,122,Chicago Bulls,136,-112,100,Fri Nov 22 2024,8:00p,136,19979,2:08,United Center
Portland Trail Blazers,88,Houston Rockets,116,537,-719,Fri Nov 22 2024,8:00p,116,15546,2:10,Toyota Center
Indiana Pacers,117,Milwaukee Bucks,129,187,-214,Fri Nov 22 2024,8:00p,129,17341,2:16,Fiserv Forum
Dallas Mavericks,123,Denver Nuggets,120,126,-142,Fri Nov 22 2024,10:00p,120,19923,2:29,Ball Arena
Sacramento Kings,88,Los Angeles Clippers,104,-153,136,Fri Nov 22 2024,10:30p,104,16228,,Intuit Dome
New York Knicks,106,Utah Jazz,121,-371,308,Sat Nov 23 2024,5:00p,121,18175,2:07,Delta Center
Detroit Pistons,100,Orlando Magic,111,322,-393,Sat Nov 23 2024,7:00p,111,19094,2:13,Kia Center
Memphis Grizzlies,142,Chicago Bulls,131,-201,177,Sat Nov 23 2024,8:00p,131,19449,2:07,United Center
Portland Trail Blazers,104,Houston Rockets,98,568,-775,Sat Nov 23 2024,8:00p,98,16102,2:28,Toyota Center
Charlotte Hornets,119,Milwaukee Bucks,125,235,-275,Sat Nov 23 2024,8:00p,125,17341,2:21,Fiserv Forum
Golden State Warriors,94,San Antonio Spurs,104,-138,123,Sat Nov 23 2024,8:30p,104,18847,2:10,Frost Bank Center
Denver Nuggets,127,Los Angeles Lakers,102,152,-172,Sat Nov 23 2024,10:30p,102,18997,2:05,Crypto.com Arena
Minnesota Timberwolves,105,Boston Celtics,107,296,-357,Sun Nov 24 2024,3:30p,107,19156,2:03,TD Garden
Washington Wizards,103,Indiana Pacers,115,538,-724,Sun Nov 24 2024,5:00p,115,17274,2:11,Gainbridge Fieldhouse
Dallas Mavericks,118,Miami Heat,123,119,-134,Sun Nov 24 2024,6:00p,123,19714,2:30,Kaseya Center
Los Angeles Clippers,125,Philadelphia 76ers,99,-122,109,Sun Nov 24 2024,6:00p,99,19780,2:13,Wells Fargo Center
Toronto Raptors,108,Cleveland Cavaliers,122,496,-653,Sun Nov 24 2024,7:30p,122,19432,2:17,Rocket Mortgage Fieldhouse
Brooklyn Nets,108,Sacramento Kings,103,328,-401,Sun Nov 24 2024,9:00p,103,16750,2:24,Golden 1 Center
Orlando Magic,95,Charlotte Hornets,84,-207,181,Mon Nov 25 2024,7:00p,84,14898,2:20,Spectrum Center
Toronto Raptors,100,Detroit Pistons,102,173,-196,Mon Nov 25 2024,7:00p,102,18421,2:24,Little Caesars Arena
New Orleans Pelicans,110,Indiana Pacers,114,227,-263,Mon Nov 25 2024,7:00p,114,16059,2:10,Gainbridge Fieldhouse
Dallas Mavericks,129,Atlanta Hawks,119,127,-142,Mon Nov 25 2024,7:30p,119,17186,2:07,State Farm Arena
Los Angeles Clippers,94,Boston Celtics,126,391,-492,Mon Nov 25 2024,7:30p,126,19156,1:58,TD Garden
Portland Trail Blazers,98,Memphis Grizzlies,123,381,-478,Mon Nov 25 2024,8:00p,123,15796,2:16,FedEx Forum
New York Knicks,145,Denver Nuggets,118,142,-160,Mon Nov 25 2024,9:00p,118,19842,,Ball Arena
Brooklyn Nets,128,Golden State Warriors,120,607,-847,Mon Nov 25 2024,10:00p,120,18064,2:22,Chase Center
Oklahoma City Thunder,130,Sacramento Kings,109,-176,156,Mon Nov 25 2024,10:00p,109,17832,2:11,Golden 1 Center
Chicago Bulls,127,Washington Wizards,108,-185,138,Tue Nov 26 2024,7:00p,108,15921,2:13,Capital One Arena
Milwaukee Bucks,106,Miami Heat,103,-103,-128,Tue Nov 26 2024,7:30p,103,19622,2:21,Kaseya Center
Houston Rockets,117,Minnesota Timberwolves,111,127,-172,Tue Nov 26 2024,8:00p,111,18978,2:18,Target Center
San Antonio Spurs,128,Utah Jazz,115,-144,108,Tue Nov 26 2024,9:00p,115,18175,2:19,Delta Center
Los Angeles Lakers,100,Phoenix Suns,127,-108,-121,Tue Nov 26 2024,10:00p,127,17071,2:18,Footprint Center
Miami Heat,98,Charlotte Hornets,94,-164,145,Wed Nov 27 2024,7:00p,94,17710,2:14,Spectrum Center
Atlanta Hawks,135,Cleveland Cavaliers,124,384,-480,Wed Nov 27 2024,7:00p,124,19432,2:18,Rocket Mortgage Fieldhouse
Portland Trail Blazers,114,Indiana Pacers,121,378,-471,Wed Nov 27 2024,7:00p,121,17274,2:15,Gainbridge Fieldhouse
Chicago Bulls,119,Orlando Magic,133,333,-409,Wed Nov 27 2024,7:00p,133,18309,2:12,Kia Center
Houston Rockets,122,Philadelphia 76ers,115,-203,179,Wed Nov 27 2024,7:00p,115,19765,2:40,Wells Fargo Center
Los Angeles Clippers,121,Washington Wizards,96,-534,420,Wed Nov 27 2024,7:00p,96,15066,2:12,Capital One Arena
New York Knicks,114,Dallas Mavericks,129,-171,151,Wed Nov 27 2024,7:30p,129,20413,2:17,American Airlines Center
Detroit Pistons,111,Memphis Grizzlies,131,282,-336,Wed Nov 27 2024,8:00p,131,16261,2:11,FedEx Forum
Sacramento Kings,115,Minnesota Timberwolves,104,138,-156,Wed Nov 27 2024,8:00p,104,18978,2:17,Target Center
Toronto Raptors,119,New Orleans Pelicans,93,127,-143,Wed Nov 27 2024,8:00p,93,17307,2:00,Smoothie King Center
Los Angeles Lakers,119,San Antonio Spurs,101,-127,114,Wed Nov 27 2024,8:30p,101,19120,2:05,Frost Bank Center
Brooklyn Nets,127,Phoenix Suns,117,267,-316,Wed Nov 27 2024,9:00p,117,17071,2:23,Footprint Center
Denver Nuggets,122,Utah Jazz,103,-421,343,Wed Nov 27 2024,9:00p,103,18175,2:05,Delta Center
Oklahoma City Thunder,105,Golden State Warriors,101,-133,118,Wed Nov 27 2024,10:00p,101,18064,2:24,Chase Center
New York Knicks,99,Charlotte Hornets,98,-400,269,Fri Nov 29 2024,12:00p,98,19313,2:17,Spectrum Center
Cleveland Cavaliers,101,Atlanta Hawks,117,-263,189,Fri Nov 29 2024,2:30p,117,17881,2:12,State Farm Arena
New Orleans Pelicans,109,Memphis Grizzlies,120,332,-526,Fri Nov 29 2024,5:00p,120,17014,2:09,FedEx Forum
Orlando Magic,123,Brooklyn Nets,100,-196,145,Fri Nov 29 2024,7:30p,100,18143,2:13,Barclays Center
Los Angeles Clippers,92,Minnesota Timberwolves,93,160,-217,Fri Nov 29 2024,7:30p,93,18978,2:10,Target Center
Boston Celtics,138,Chicago Bulls,129,-454,300,Fri Nov 29 2024,8:00p,129,19798,2:08,United Center
Detroit Pistons,130,Indiana Pacers,106,214,-303,Fri Nov 29 2024,8:00p,106,17274,2:11,Gainbridge Fieldhouse
Toronto Raptors,111,Miami Heat,121,210,-294,Fri Nov 29 2024,8:00p,121,19607,2:13,Kaseya Center
Oklahoma City Thunder,101,Los Angeles Lakers,93,-120,-109,Fri Nov 29 2024,10:00p,93,18997,2:16,Crypto.com Arena
Sacramento Kings,106,Portland Trail Blazers,115,-204,150,Fri Nov 29 2024,10:00p,115,17565,2:12,Moda Center
Atlanta Hawks,107,Charlotte Hornets,104,-215,187,Sat Nov 30 2024,6:00p,104,17969,2:20,Spectrum Center
Philadelphia 76ers,111,Detroit Pistons,96,106,-118,Sat Nov 30 2024,7:00p,96,22062,2:12,Little Caesars Arena
Washington Wizards,114,Milwaukee Bucks,124,760,-1086,Sat Nov 30 2024,8:00p,124,17341,2:20,Fiserv Forum
Golden State Warriors,105,Phoenix Suns,113,114,-127,Sat Nov 30 2024,9:00p,113,17071,2:11,Footprint Center
Dallas Mavericks,106,Utah Jazz,94,-240,208,Sat Nov 30 2024,9:30p,94,18175,2:04,Delta Center
Orlando Magic,100,Brooklyn Nets,92,-259,223,Sun Dec 1 2024,3:30p,92,16505.0,2:36,Barclays Center
Indiana Pacers,121,Memphis Grizzlies,136,217,-251,Sun Dec 1 2024,3:30p,136,15901.0,2:18,FedEx Forum
Boston Celtics,111,Cleveland Cavaliers,115,-114,102,Sun Dec 1 2024,6:00p,115,19432.0,2:16,Rocket Mortgage Fieldhouse
New Orleans Pelicans,85,New York Knicks,118,541,-729,Sun Dec 1 2024,6:00p,118,19812.0,2:03,Madison Square Garden (IV)
Miami Heat,116,Toronto Raptors,119,-184,162,Sun Dec 1 2024,6:00p,119,18153.0,2:16,Scotiabank Arena
Oklahoma City Thunder,116,Houston Rockets,119,-119,107,Sun Dec 1 2024,7:00p,119,18055.0,2:35,Toyota Center
Los Angeles Lakers,105,Utah Jazz,104,-282,240,Sun Dec 1 2024,8:00p,104,18175.0,2:09,Delta Center
Dallas Mavericks,137,Portland Trail Blazers,131,-214,177,Sun Dec 1 2024,9:00p,131,16205.0,2:11,Moda Center
San Antonio Spurs,127,Sacramento Kings,125,205,-236,Sun Dec 1 2024,9:00p,125,16014.0,2:18,Golden 1 Center
Denver Nuggets,122,Los Angeles Clippers,126,-141,125,Sun Dec 1 2024,10:00p,126,16182.0,2:16,Intuit Dome
New Orleans Pelicans,112,Atlanta Hawks,124,350,-445,Mon Dec 2 2024,7:30p,124,15034.0,2:12,State Farm Arena
Miami Heat,89,Boston Celtics,108,269,-320,Mon Dec 2 2024,7:30p,108,19156.0,2:02,TD Garden
Brooklyn Nets,102,Chicago Bulls,128,261,-309,Mon Dec 2 2024,8:00p,128,19131.0,2:09,United Center
Los Angeles Lakers,80,Minnesota Timberwolves,109,266,-315,Mon Dec 2 2024,8:00p,109,18978.0,2:03,Target Center
Philadelphia 76ers,110,Charlotte Hornets,104,-238,174,Tue Dec 3 2024,7:00p,104,14956.0,2:18,Spectrum Center
Washington Wizards,87,Cleveland Cavaliers,118,769,-1999,Tue Dec 3 2024,7:00p,118,19432.0,2:09,Rocket Mortgage Fieldhouse
Milwaukee Bucks,128,Detroit Pistons,107,-185,137,Tue Dec 3 2024,7:00p,107,17988.0,2:10,Little Caesars Arena
Orlando Magic,106,New York Knicks,121,194,-270,Tue Dec 3 2024,7:30p,121,19812.0,2:26,Madison Square Garden (IV)
Indiana Pacers,111,Toronto Raptors,122,-136,102,Tue Dec 3 2024,7:30p,122,17741.0,2:17,Scotiabank Arena
Utah Jazz,106,Oklahoma City Thunder,133,630,-1428,Tue Dec 3 2024,8:00p,133,17711.0,2:13,Paycom Center
Memphis Grizzlies,116,Dallas Mavericks,121,117,-156,Tue Dec 3 2024,8:30p,121,20277.0,2:35,American Airlines Center
San Antonio Spurs,93,Phoenix Suns,104,246,-357,Tue Dec 3 2024,9:00p,104,17071.0,2:15,Footprint Center
Golden State Warriors,115,Denver Nuggets,119,110,-147,Tue Dec 3 2024,10:00p,119,19912.0,2:26,Ball Arena
Houston Rockets,111,Sacramento Kings,120,-109,-120,Tue Dec 3 2024,10:00p,120,15019.0,2:21,Golden 1 Center
Portland Trail Blazers,105,Los Angeles Clippers,127,313,-476,Tue Dec 3 2024,10:30p,127,15583.0,2:06,Intuit Dome
Detroit Pistons,120,Boston Celtics,130,724,-1020,Wed Dec 4 2024,7:30p,130,19156.0,2:12,TD Garden
Indiana Pacers,90,Brooklyn Nets,99,-134,120,Wed Dec 4 2024,7:30p,99,16748.0,2:16,Barclays Center
Los Angeles Lakers,93,Miami Heat,134,122,-136,Wed Dec 4 2024,7:30p,134,19657.0,1:59,Kaseya Center
Orlando Magic,106,Philadelphia 76ers,102,-196,172,Wed Dec 4 2024,7:30p,102,19851.0,2:21,Wells Fargo Center
Atlanta Hawks,119,Milwaukee Bucks,104,149,-168,Wed Dec 4 2024,8:00p,104,17341.0,2:21,Fiserv Forum
Minnesota Timberwolves,108,Los Angeles Clippers,80,-142,127,Wed Dec 4 2024,10:30p,80,15111.0,2:02,Intuit Dome
Denver Nuggets,114,Cleveland Cavaliers,126,155,-176,Thu Dec 5 2024,7:00p,126,19432.0,2:05,Rocket Mortgage Fieldhouse
Dallas Mavericks,137,Washington Wizards,101,-999,698,Thu Dec 5 2024,7:00p,101,15921.0,2:08,Capital One Arena
Charlotte Hornets,101,New York Knicks,125,711,-1030,Thu Dec 5 2024,7:30p,125,19812.0,2:08,Madison Square Garden (IV)
Oklahoma City Thunder,129,Toronto Raptors,92,-425,345,Thu Dec 5 2024,7:30p,92,18356.0,2:02,Scotiabank Arena
Sacramento Kings,110,Memphis Grizzlies,115,136,-153,Thu Dec 5 2024,8:00p,115,15776.0,2:28,FedEx Forum
Phoenix Suns,124,New Orleans Pelicans,126,-128,115,Thu Dec 5 2024,8:00p,126,16365.0,2:21,Smoothie King Center
Chicago Bulls,139,San Antonio Spurs,124,110,-123,Thu Dec 5 2024,8:00p,124,17720.0,2:22,Frost Bank Center
Houston Rockets,93,Golden State Warriors,99,-163,145,Thu Dec 5 2024,10:00p,99,18064.0,2:19,Chase Center
Orlando Magic,94,Philadelphia 76ers,102,-166,147,Fri Dec 6 2024,7:00p,102,19802.0,2:24,Wells Fargo Center
Los Angeles Lakers,132,Atlanta Hawks,134,180,-205,Fri Dec 6 2024,7:30p,134,18040.0,2:42,State Farm Arena
Milwaukee Bucks,105,Boston Celtics,111,277,-331,Fri Dec 6 2024,7:30p,111,,2:16,TD Garden
Indiana Pacers,132,Chicago Bulls,123,-152,135,Fri Dec 6 2024,8:00p,123,19544.0,2:00,United Center
Sacramento Kings,140,San Antonio Spurs,113,-223,194,Fri Dec 6 2024,8:00p,113,16796.0,2:13,Frost Bank Center
Minnesota Timberwolves,107,Golden State Warriors,90,-110,-101,Fri Dec 6 2024,10:00p,90,18064.0,2:18,Chase Center
Utah Jazz,141,Portland Trail Blazers,99,122,-137,Fri Dec 6 2024,10:00p,99,16446.0,2:07,Moda Center
Cleveland Cavaliers,116,Charlotte Hornets,102,-1666,1039,Sat Dec 7 2024,1:00p,102,18832.0,2:14,Spectrum Center
Oklahoma City Thunder,119,New Orleans Pelicans,109,-327,274,Sat Dec 7 2024,7:00p,109,15718.0,2:17,Smoothie King Center
Denver Nuggets,113,Washington Wizards,122,-884,635,Sat Dec 7 2024,7:00p,122,16182.0,2:22,Capital One Arena
Detroit Pistons,120,New York Knicks,111,288,-344,Sat Dec 7 2024,7:30p,111,19812.0,2:15,Madison Square Garden (IV)
Dallas Mavericks,125,Toronto Raptors,118,-349,290,Sat Dec 7 2024,7:30p,118,19625.0,2:11,Scotiabank Arena
Memphis Grizzlies,127,Boston Celtics,121,227,-263,Sat Dec 7 2024,8:00p,121,19156.0,2:20,TD Garden
Phoenix Suns,111,Miami Heat,121,185,-211,Sat Dec 7 2024,8:00p,121,19600.0,2:13,Kaseya Center
Philadelphia 76ers,108,Chicago Bulls,100,116,-137,Sun Dec 8 2024,1:00p,100,18837.0,2:10,United Center
Milwaukee Bucks,118,Brooklyn Nets,113,-227,197,Sun Dec 8 2024,3:30p,113,17926.0,2:19,Barclays Center
Charlotte Hornets,113,Indiana Pacers,109,470,-613,Sun Dec 8 2024,5:00p,109,17274.0,2:22,Gainbridge Fieldhouse
Denver Nuggets,141,Atlanta Hawks,111,113,-126,Sun Dec 8 2024,6:00p,111,16137.0,2:14,State Farm Arena
Cleveland Cavaliers,113,Miami Heat,122,-144,128,Sun Dec 8 2024,6:00p,122,19600.0,,Kaseya Center
Phoenix Suns,110,Orlando Magic,115,118,-132,Sun Dec 8 2024,6:30p,115,18311.0,2:23,Kia Center
New Orleans Pelicans,116,San Antonio Spurs,121,193,-222,Sun Dec 8 2024,7:00p,121,16840.0,2:20,Frost Bank Center
Memphis Grizzlies,140,Washington Wizards,112,-531,418,Sun Dec 8 2024,7:00p,112,15012.0,2:18,Capital One Arena
Minnesota Timberwolves,106,Golden State Warriors,114,-104,-106,Sun Dec 8 2024,8:30p,114,18064.0,2:18,Chase Center
Houston Rockets,117,Los Angeles Clippers,106,-163,145,Sun Dec 8 2024,9:00p,106,14782.0,2:13,Intuit Dome
Utah Jazz,97,Sacramento Kings,141,501,-662,Sun Dec 8 2024,9:00p,141,15706.0,2:09,Golden 1 Center
Portland Trail Blazers,98,Los Angeles Lakers,107,335,-413,Sun Dec 8 2024,9:30p,107,18997.0,2:07,Crypto.com Arena
New York Knicks,113,Toronto Raptors,108,-261,225,Mon Dec 9 2024,7:30p,108,18284.0,2:17,Scotiabank Arena
Orlando Magic,109,Milwaukee Bucks,114,284,-353,Tue Dec 10 2024,7:00p,114,17341.0,2:35,Fiserv Forum
Dallas Mavericks,104,Oklahoma City Thunder,118,151,-174,Tue Dec 10 2024,9:30p,118,17724.0,2:08,Paycom Center
Atlanta Hawks,108,New York Knicks,100,231,-333,Wed Dec 11 2024,7:00p,100,19812.0,2:13,Madison Square Garden (IV)
Golden State Warriors,90,Houston Rockets,91,120,-137,Wed Dec 11 2024,9:30p,91,18055.0,2:17,Toyota Center
Detroit Pistons,99,Boston Celtics,123,544,-1111,Thu Dec 12 2024,7:30p,123,19156.0,1:57,TD Garden
Toronto Raptors,104,Miami Heat,114,384,-625,Thu Dec 12 2024,7:30p,114,19600.0,2:14,Kaseya Center
Sacramento Kings,111,New Orleans Pelicans,109,-265,227,Thu Dec 12 2024,8:00p,109,15488.0,2:12,Smoothie King Center
Washington Wizards,105,Cleveland Cavaliers,115,877,-3333,Fri Dec 13 2024,7:00p,115,19432.0,2:15,Rocket Mortgage Fieldhouse
Indiana Pacers,121,Philadelphia 76ers,107,172,-238,Fri Dec 13 2024,7:00p,107,19771.0,2:17,Wells Fargo Center
Charlotte Hornets,95,Chicago Bulls,109,162,-222,Fri Dec 13 2024,8:00p,109,19543.0,2:08,United Center
Brooklyn Nets,119,Memphis Grizzlies,135,359,-588,Fri Dec 13 2024,8:00p,135,15983.0,2:26,FedEx Forum
Los Angeles Lakers,87,Minnesota Timberwolves,97,300,-380,Fri Dec 13 2024,8:00p,97,18978.0,2:08,Target Center
Los Angeles Clippers,98,Denver Nuggets,120,202,-285,Fri Dec 13 2024,9:00p,120,19779.0,2:13,Ball Arena
Phoenix Suns,134,Utah Jazz,126,-217,160,Fri Dec 13 2024,9:30p,126,18175.0,2:11,Delta Center
San Antonio Spurs,118,Portland Trail Blazers,116,-163,123,Fri Dec 13 2024,10:00p,116,17025.0,2:16,Moda Center
Atlanta Hawks,102,Milwaukee Bucks,110,125,-169,Sat Dec 14 2024,4:30p,110,17113.0,2:30,T-Mobile Arena
Houston Rockets,96,Oklahoma City Thunder,111,164,-222,Sat Dec 14 2024,8:30p,111,17937.0,2:24,T-Mobile Arena
