Game Name,Away Team,Home Team,Cutoff Time,Away Odds,Home Odds,Cutoff Date
ATL Hawks v CHA Hornets,CHA Hornets,ATL Hawks,2025-03-12 23:30:00+00:00,0,0,2025-03-12
ATL Hawks v CHI Bulls,CHI Bulls,ATL Hawks,2024-12-27 00:40:00+00:00,217,-251,2024-12-27
ATL Hawks v CLE Cavaliers,CLE Cavaliers,ATL Hawks,2024-11-29 19:40:00+00:00,-225,196,2024-11-29
ATL Hawks v DAL Mavericks,DAL Mavericks,ATL Hawks,2024-11-26 00:40:00+00:00,127,-142,2024-11-26
ATL Hawks v DEN Nuggets,DEN Nuggets,ATL Hawks,2024-12-08 23:10:00+00:00,113,-126,2024-12-08
ATL Hawks v DET Pistons,DET Pistons,ATL Hawks,2025-02-23 23:00:00+00:00,0,0,2025-02-23
ATL Hawks v DET Pistons,DET Pistons,ATL Hawks,2025-01-23 00:30:00+00:00,133,-150,2025-01-23
ATL Hawks v GS Warriors,GS Warriors,ATL Hawks,2025-03-22 23:00:00+00:00,0,0,2025-03-22
ATL Hawks v HOU Rockets,HOU Rockets,ATL Hawks,2025-01-29 00:30:00+00:00,-224,195,2025-01-29
ATL Hawks v IND Pacers,IND Pacers,ATL Hawks,2025-03-09 00:30:00+00:00,0,0,2025-03-09
ATL Hawks v IND Pacers,IND Pacers,ATL Hawks,2025-03-07 00:30:00+00:00,0,0,2025-03-07
ATL Hawks v LA Clippers,LA Clippers,ATL Hawks,2025-03-14 23:30:00+00:00,0,0,2025-03-14
ATL Hawks v LAL Lakers,LAL Lakers,ATL Hawks,2024-12-07 00:40:00+00:00,180,-205,2024-12-07
ATL Hawks v MEM Grizzlies,MEM Grizzlies,ATL Hawks,2024-12-22 00:40:00+00:00,-112,100,2024-12-22
ATL Hawks v MIA Heat,MIA Heat,ATL Hawks,2025-02-25 00:30:00+00:00,0,0,2025-02-25
ATL Hawks v MIA Heat,MIA Heat,ATL Hawks,2024-12-28 20:10:00+00:00,0,0,2024-12-28
ATL Hawks v MIL Bucks,MIL Bucks,ATL Hawks,2025-03-05 00:30:00+00:00,0,0,2025-03-05
ATL Hawks v MIL Bucks,MIL Bucks,ATL Hawks,2025-02-08 00:30:00+00:00,0,0,2025-02-08
ATL Hawks v MIN Timberwolves,MIN Timberwolves,ATL Hawks,2024-12-24 00:40:00+00:00,-160,142,2024-12-24
ATL Hawks v NOP Pelicans,NOP Pelicans,ATL Hawks,2024-12-03 00:40:00+00:00,0,0,2024-12-03
ATL Hawks v OKC Thunder,OKC Thunder,ATL Hawks,2025-03-01 00:30:00+00:00,0,0,2025-03-01
ATL Hawks v ORL Magic,ORL Magic,ATL Hawks,2025-02-21 00:30:00+00:00,0,0,2025-02-21
ATL Hawks v PHI 76ers,PHI 76ers,ATL Hawks,2025-03-23 22:00:00+00:00,0,0,2025-03-23
ATL Hawks v PHI 76ers,PHI 76ers,ATL Hawks,2025-03-10 23:30:00+00:00,0,0,2025-03-10
ATL Hawks v PHX Suns,PHX Suns,ATL Hawks,2025-01-15 00:40:00+00:00,-145,129,2025-01-15
ATL Hawks v SA Spurs,SA Spurs,ATL Hawks,2025-02-06 00:00:00+00:00,0,0,2025-02-06
ATL Hawks v TOR Raptors,TOR Raptors,ATL Hawks,2025-01-26 00:30:00+00:00,160,-181,2025-01-26
ATL Hawks v TOR Raptors,TOR Raptors,ATL Hawks,2025-01-24 00:30:00+00:00,172,-196,2025-01-24
BKN Nets v ATL Hawks,ATL Hawks,BKN Nets,2025-03-16 22:00:00+00:00,0,0,2025-03-16
BKN Nets v BOS Celtics,BOS Celtics,BKN Nets,2025-03-15 22:00:00+00:00,0,0,2025-03-15
BKN Nets v CHA Hornets,CHA Hornets,BKN Nets,2025-02-11 00:30:00+00:00,0,0,2025-02-11
BKN Nets v CLE Cavaliers,CLE Cavaliers,BKN Nets,2025-02-21 00:30:00+00:00,0,0,2025-02-21
BKN Nets v CLE Cavaliers,CLE Cavaliers,BKN Nets,2024-12-17 00:40:00+00:00,-515,407,2024-12-17
BKN Nets v DAL Mavericks,DAL Mavericks,BKN Nets,2025-03-24 23:30:00+00:00,0,0,2025-03-24
BKN Nets v DET Pistons,DET Pistons,BKN Nets,2025-01-09 00:40:00+00:00,-355,295,2025-01-09
BKN Nets v GS Warriors,GS Warriors,BKN Nets,2025-03-07 00:30:00+00:00,0,0,2025-03-07
BKN Nets v HOU Rockets,HOU Rockets,BKN Nets,2025-02-05 00:30:00+00:00,0,0,2025-02-05
BKN Nets v IND Pacers,IND Pacers,BKN Nets,2025-01-07 00:40:00+00:00,-452,363,2025-01-07
BKN Nets v IND Pacers,IND Pacers,BKN Nets,2024-12-05 00:40:00+00:00,-134,120,2024-12-05
BKN Nets v LA Clippers,LA Clippers,BKN Nets,2025-03-28 23:30:00+00:00,0,0,2025-03-28
BKN Nets v LA Lakers,LA Lakers,BKN Nets,2025-03-10 23:30:00+00:00,0,0,2025-03-10
BKN Nets v MIA Heat,MIA Heat,BKN Nets,2025-02-08 00:30:00+00:00,0,0,2025-02-08
BKN Nets v MIA Heat,MIA Heat,BKN Nets,2025-01-25 23:00:00+00:00,-373,308,2025-01-25
BKN Nets v MIL Bucks,MIL Bucks,BKN Nets,2024-12-08 20:40:00+00:00,-227,197,2024-12-08
BKN Nets v NY Knicks,NY Knicks,BKN Nets,2025-01-22 00:30:00+00:00,-694,522,2025-01-22
BKN Nets v OKC Thunder,OKC Thunder,BKN Nets,2025-02-27 00:30:00+00:00,0,0,2025-02-27
BKN Nets v ORL Magic,ORL Magic,BKN Nets,2024-12-01 20:40:00+00:00,-259,223,2024-12-01
BKN Nets v ORL Magic,ORL Magic,BKN Nets,2024-11-30 00:40:00+00:00,-284,243,2024-11-30
BKN Nets v PHI 76ers,PHI 76ers,BKN Nets,2025-02-13 00:30:00+00:00,0,0,2025-02-13
BKN Nets v PHI 76ers,PHI 76ers,BKN Nets,2025-01-04 23:10:00+00:00,-306,259,2025-01-04
BKN Nets v PHX Suns,PHX Suns,BKN Nets,2025-01-23 00:30:00+00:00,-775,569,2025-01-23
BKN Nets v POR Trail Blazers,POR Trail Blazers,BKN Nets,2025-03-01 00:30:00+00:00,0,0,2025-03-01
BKN Nets v SA Spurs,SA Spurs,BKN Nets,2024-12-28 00:40:00+00:00,-273,233,2024-12-28
BKN Nets v SAC Kings,SAC Kings,BKN Nets,2025-01-28 00:30:00+00:00,-704,527,2025-01-28
BKN Nets v TOR Raptors,TOR Raptors,BKN Nets,2025-03-26 23:30:00+00:00,0,0,2025-03-26
BKN Nets v UTA Jazz,UTA Jazz,BKN Nets,2024-12-22 00:40:00+00:00,113,-126,2024-12-22
BKN Nets v WAS Wizards,WAS Wizards,BKN Nets,2025-02-06 00:30:00+00:00,0,0,2025-02-06
BOS Celtics v ATL Hawks,ATL Hawks,BOS Celtics,2025-01-19 00:00:00+00:00,329,-404,2025-01-19
BOS Celtics v BKN Nets,BKN Nets,BOS Celtics,2025-03-18 23:30:00+00:00,0,0,2025-03-18
BOS Celtics v CHI Bulls,CHI Bulls,BOS Celtics,2025-01-30 00:30:00+00:00,676,-961,2025-01-30
BOS Celtics v CHI Bulls,CHI Bulls,BOS Celtics,2024-12-20 00:40:00+00:00,617,-1428,2024-12-20
BOS Celtics v CLE Cavaliers,CLE Cavaliers,BOS Celtics,2025-03-01 00:30:00+00:00,0,0,2025-03-01
BOS Celtics v DAL Mavericks,DAL Mavericks,BOS Celtics,2025-02-07 00:30:00+00:00,375,-469,2025-02-07
BOS Celtics v DEN Nuggets,DEN Nuggets,BOS Celtics,2025-03-02 18:00:00+00:00,0,0,2025-03-02
BOS Celtics v DET Pistons,DET Pistons,BOS Celtics,2024-12-13 00:40:00+00:00,0,0,2024-12-13
BOS Celtics v DET Pistons,DET Pistons,BOS Celtics,2024-12-05 00:40:00+00:00,724,-1020,2024-12-05
BOS Celtics v HOU Rockets,HOU Rockets,BOS Celtics,2025-01-28 00:30:00+00:00,205,-236,2025-01-28
BOS Celtics v IND Pacers,IND Pacers,BOS Celtics,2024-12-29 23:10:00+00:00,471,-613,2024-12-29
BOS Celtics v IND Pacers,IND Pacers,BOS Celtics,2024-12-28 00:40:00+00:00,505,-671,2024-12-28
BOS Celtics v LA Clippers,LA Clippers,BOS Celtics,2024-11-26 00:40:00+00:00,391,-492,2024-11-26
BOS Celtics v LA Lakers,LA Lakers,BOS Celtics,2025-03-09 01:30:00+00:00,0,0,2025-03-09
BOS Celtics v MEM Grizzlies,MEM Grizzlies,BOS Celtics,2024-12-08 01:10:00+00:00,227,-263,2024-12-08
BOS Celtics v MIA Heat,MIA Heat,BOS Celtics,2024-12-03 00:30:00+00:00,269,-320,2024-12-03
BOS Celtics v MIL Bucks,MIL Bucks,BOS Celtics,2024-12-07 00:40:00+00:00,277,-331,2024-12-07
BOS Celtics v MIN Timberwolves,MIN Timberwolves,BOS Celtics,2024-11-24 20:40:00+00:00,296,-357,2024-11-24
BOS Celtics v NO Pelicans,NO Pelicans,BOS Celtics,2025-01-12 23:10:00+00:00,791,-1136,2025-01-12
BOS Celtics v NY Knicks,NY Knicks,BOS Celtics,2025-02-23 18:00:00+00:00,0,0,2025-02-23
BOS Celtics v OKC Thunder,OKC Thunder,BOS Celtics,2025-03-12 23:30:00+00:00,0,0,2025-03-12
BOS Celtics v ORL Magic,ORL Magic,BOS Celtics,2025-01-18 00:00:00+00:00,718,-1010,2025-01-18
BOS Celtics v PHI 76ers,PHI 76ers,BOS Celtics,2025-03-07 00:30:00+00:00,0,0,2025-03-07
BOS Celtics v PHI 76ers,PHI 76ers,BOS Celtics,2024-12-25 22:10:00+00:00,298,-454,2024-12-25
BOS Celtics v POR Trail Blazers,POR Trail Blazers,BOS Celtics,2025-03-06 00:00:00+00:00,0,0,2025-03-06
BOS Celtics v SA Spurs,SA Spurs,BOS Celtics,2025-02-13 00:00:00+00:00,0,0,2025-02-13
BOS Celtics v SAC Kings,SAC Kings,BOS Celtics,2025-01-11 00:40:00+00:00,370,-460,2025-01-11
BOS Celtics v TOR Raptors,TOR Raptors,BOS Celtics,2024-12-31 20:10:00+00:00,850,-1249,2024-12-31
BOS Celtics v UTA Jazz,UTA Jazz,BOS Celtics,2025-03-10 23:30:00+00:00,0,0,2025-03-10
CHA Hornets v ATL Hawks,ATL Hawks,CHA Hornets,2025-03-18 23:00:00+00:00,0,0,2025-03-18
CHA Hornets v ATL Hawks,ATL Hawks,CHA Hornets,2024-11-30 23:00:00+00:00,-215,187,2024-11-30
CHA Hornets v BKN Nets,BKN Nets,CHA Hornets,2025-03-08 23:00:00+00:00,0,0,2025-03-08
CHA Hornets v BKN Nets,BKN Nets,CHA Hornets,2025-01-30 00:00:00+00:00,122,-136,2025-01-30
CHA Hornets v CHI Bulls,CHI Bulls,CHA Hornets,2024-12-31 00:10:00+00:00,-204,180,2024-12-31
CHA Hornets v CLE Cavaliers,CLE Cavaliers,CHA Hornets,2025-03-08 00:00:00+00:00,0,0,2025-03-08
CHA Hornets v CLE Cavaliers,CLE Cavaliers,CHA Hornets,2024-12-07 18:00:00+00:00,-1666,1039,2024-12-07
CHA Hornets v DAL Mavericks,DAL Mavericks,CHA Hornets,2025-01-20 17:00:00+00:00,-172,151,2025-01-20
CHA Hornets v DEN Nuggets,DEN Nuggets,CHA Hornets,2025-02-02 00:00:00+00:00,0,0,2025-02-02
CHA Hornets v GS Warriors,GS Warriors,CHA Hornets,2025-03-04 00:00:00+00:00,0,0,2025-03-04
CHA Hornets v HOU Rockets,HOU Rockets,CHA Hornets,2024-12-24 00:10:00+00:00,-241,209,2024-12-24
CHA Hornets v LA Clippers,LA Clippers,CHA Hornets,2025-02-01 00:00:00+00:00,-775,571,2025-02-01
CHA Hornets v LA Lakers,LA Lakers,CHA Hornets,2025-01-28 00:00:00+00:00,-207,181,2025-01-28
CHA Hornets v MIA Heat,MIA Heat,CHA Hornets,2024-11-28 00:00:00+00:00,-164,145,2024-11-28
CHA Hornets v MIL Bucks,MIL Bucks,CHA Hornets,2025-02-06 00:00:00+00:00,0,0,2025-02-06
CHA Hornets v MIN Timberwolves,MIN Timberwolves,CHA Hornets,2025-03-06 00:00:00+00:00,0,0,2025-03-06
CHA Hornets v NO Pelicans,NO Pelicans,CHA Hornets,2025-01-26 00:00:00+00:00,-136,121,2025-01-26
CHA Hornets v NY Knicks,NY Knicks,CHA Hornets,2025-03-20 23:00:00+00:00,0,0,2025-03-20
CHA Hornets v NYK Knicks,NYK Knicks,CHA Hornets,2024-11-29 17:00:00+00:00,-485,335,2024-11-29
CHA Hornets v OKC Thunder,OKC Thunder,CHA Hornets,2024-12-28 23:10:00+00:00,-649,493,2024-12-28
CHA Hornets v ORL Magic,ORL Magic,CHA Hornets,2025-03-25 23:00:00+00:00,0,0,2025-03-25
CHA Hornets v ORL Magic,ORL Magic,CHA Hornets,2024-11-26 00:10:00+00:00,-207,181,2024-11-26
CHA Hornets v PHI 76ers,PHI 76ers,CHA Hornets,2024-12-17 00:10:00+00:00,-150,134,2024-12-17
CHA Hornets v PHI 76ers,PHI 76ers,CHA Hornets,2024-12-04 00:10:00+00:00,-179,158,2024-12-04
CHA Hornets v PHX Suns,PHX Suns,CHA Hornets,2025-01-08 00:10:00+00:00,-176,156,2025-01-08
CHA Hornets v POR Trail Blazers,POR Trail Blazers,CHA Hornets,2025-01-25 00:00:00+00:00,184,-210,2025-01-25
CHA Hornets v SA Spurs,SA Spurs,CHA Hornets,2025-02-08 00:00:00+00:00,0,0,2025-02-08
CHA Hornets v UTA Jazz,UTA Jazz,CHA Hornets,2025-03-31 23:00:00+00:00,0,0,2025-03-31
CHA Hornets v WAS Wizards,WAS Wizards,CHA Hornets,2025-03-01 23:00:00+00:00,0,0,2025-03-01
CHA Hornets v WAS Wizards,WAS Wizards,CHA Hornets,2025-02-04 00:00:00+00:00,0,0,2025-02-04
CHI Bulls v ATL Hawks,ATL Hawks,CHI Bulls,2025-01-16 01:00:00+00:00,116,-130,2025-01-16
CHI Bulls v ATL Hawks,ATL Hawks,CHI Bulls,2024-11-23 01:10:00+00:00,-112,100,2024-11-23
CHI Bulls v BKN Nets,BKN Nets,CHI Bulls,2025-03-14 00:00:00+00:00,0,0,2025-03-14
CHI Bulls v BKN Nets,BKN Nets,CHI Bulls,2024-12-03 01:10:00+00:00,261,-309,2024-12-03
CHI Bulls v BOS Celtics,BOS Celtics,CHI Bulls,2024-12-22 01:10:00+00:00,-719,536,2024-12-22
CHI Bulls v BOS Celtics,BOS Celtics,CHI Bulls,2024-11-30 01:10:00+00:00,-632,484,2024-11-30
CHI Bulls v CHA Hornets,CHA Hornets,CHI Bulls,2025-01-18 01:00:00+00:00,166,-188,2025-01-18
CHI Bulls v CHA Hornets,CHA Hornets,CHI Bulls,2024-12-14 01:10:00+00:00,162,-222,2024-12-14
CHI Bulls v CLE Cavaliers,CLE Cavaliers,CHI Bulls,2025-03-05 01:00:00+00:00,0,0,2025-03-05
CHI Bulls v DAL Mavericks,DAL Mavericks,CHI Bulls,2025-03-30 00:00:00+00:00,0,0,2025-03-30
CHI Bulls v DEN Nuggets,DEN Nuggets,CHI Bulls,2025-01-28 01:00:00+00:00,-409,333,2025-01-28
CHI Bulls v DET Pistons,DET Pistons,CHI Bulls,2025-02-13 01:00:00+00:00,0,0,2025-02-13
CHI Bulls v DET Pistons,DET Pistons,CHI Bulls,2025-02-12 01:00:00+00:00,0,0,2025-02-12
CHI Bulls v GS Warriors,GS Warriors,CHI Bulls,2025-02-09 01:00:00+00:00,0,0,2025-02-09
CHI Bulls v IND Pacers,IND Pacers,CHI Bulls,2025-03-11 00:00:00+00:00,0,0,2025-03-11
CHI Bulls v IND Pacers,IND Pacers,CHI Bulls,2024-12-07 01:10:00+00:00,-152,135,2024-12-07
CHI Bulls v LA Clippers,LA Clippers,CHI Bulls,2025-02-27 01:00:00+00:00,0,0,2025-02-27
CHI Bulls v LA Lakers,LA Lakers,CHI Bulls,2025-03-28 00:00:00+00:00,0,0,2025-03-28
CHI Bulls v MEM Grizzlies,MEM Grizzlies,CHI Bulls,2024-11-24 01:00:00+00:00,-201,177,2024-11-24
CHI Bulls v MIA Heat,MIA Heat,CHI Bulls,2025-02-05 01:00:00+00:00,0,0,2025-02-05
CHI Bulls v MIL Bucks,MIL Bucks,CHI Bulls,2024-12-29 01:10:00+00:00,-170,151,2024-12-29
CHI Bulls v MIL Bucks,MIL Bucks,CHI Bulls,2024-12-24 01:10:00+00:00,-119,107,2024-12-24
CHI Bulls v NO Pelicans,NO Pelicans,CHI Bulls,2025-01-15 01:10:00+00:00,104,-116,2025-01-15
CHI Bulls v NY Knicks,NY Knicks,CHI Bulls,2025-01-05 01:00:00+00:00,-208,182,2025-01-05
CHI Bulls v PHI 76ers,PHI 76ers,CHI Bulls,2025-01-26 01:00:00+00:00,155,-175,2025-01-26
CHI Bulls v PHI 76ers,PHI 76ers,CHI Bulls,2024-12-08 18:10:00+00:00,116,-137,2024-12-08
CHI Bulls v PHX Suns,PHX Suns,CHI Bulls,2025-02-22 22:00:00+00:00,0,0,2025-02-22
CHI Bulls v SA Spurs,SA Spurs,CHI Bulls,2025-01-07 01:10:00+00:00,-140,125,2025-01-07
CHI Bulls v SAC Kings,SAC Kings,CHI Bulls,2025-01-12 20:40:00+00:00,-162,143,2025-01-12
CHI Bulls v TOR Raptors,TOR Raptors,CHI Bulls,2025-03-01 01:00:00+00:00,0,0,2025-03-01
CHI Bulls v WAS Wizards,WAS Wizards,CHI Bulls,2025-01-11 01:10:00+00:00,486,-636,2025-01-11
CLE Cavaliers v ATL Hawks,ATL Hawks,CLE Cavaliers,2025-01-31 00:00:00+00:00,349,-431,2025-01-31
CLE Cavaliers v ATL Hawks,ATL Hawks,CLE Cavaliers,2024-11-28 00:10:00+00:00,384,-480,2024-11-28
CLE Cavaliers v BKN Nets,BKN Nets,CLE Cavaliers,2025-03-11 23:00:00+00:00,0,0,2025-03-11
CLE Cavaliers v BOS Celtics,BOS Celtics,CLE Cavaliers,2025-02-05 00:30:00+00:00,0,0,2025-02-05
CLE Cavaliers v BOS Celtics,BOS Celtics,CLE Cavaliers,2024-12-01 23:10:00+00:00,-114,102,2024-12-01
CLE Cavaliers v CHA Hornets,CHA Hornets,CLE Cavaliers,2025-01-05 23:10:00+00:00,848,-1249,2025-01-05
CLE Cavaliers v DAL Mavericks,DAL Mavericks,CLE Cavaliers,2025-02-02 20:30:00+00:00,0,0,2025-02-02
CLE Cavaliers v DEN Nuggets,DEN Nuggets,CLE Cavaliers,2024-12-06 00:10:00+00:00,155,-176,2024-12-06
CLE Cavaliers v DET Pistons,DET Pistons,CLE Cavaliers,2025-01-28 00:00:00+00:00,402,-507,2025-01-28
CLE Cavaliers v HOU Rockets,HOU Rockets,CLE Cavaliers,2025-01-26 00:30:00+00:00,141,-159,2025-01-26
CLE Cavaliers v IND Pacers,IND Pacers,CLE Cavaliers,2025-01-12 23:10:00+00:00,318,-389,2025-01-12
CLE Cavaliers v LA Clippers,LA Clippers,CLE Cavaliers,2025-03-30 19:30:00+00:00,0,0,2025-03-30
CLE Cavaliers v MEM Grizzlies,MEM Grizzlies,CLE Cavaliers,2025-02-24 00:30:00+00:00,0,0,2025-02-24
CLE Cavaliers v MIA Heat,MIA Heat,CLE Cavaliers,2025-03-06 00:00:00+00:00,0,0,2025-03-06
CLE Cavaliers v MIL Bucks,MIL Bucks,CLE Cavaliers,2024-12-21 00:30:00+00:00,287,-434,2024-12-21
CLE Cavaliers v MIN Timberwolves,MIN Timberwolves,CLE Cavaliers,2025-02-11 00:00:00+00:00,0,0,2025-02-11
CLE Cavaliers v NY Knicks,NY Knicks,CLE Cavaliers,2025-02-22 00:00:00+00:00,0,0,2025-02-22
CLE Cavaliers v OKC Thunder,OKC Thunder,CLE Cavaliers,2025-01-09 00:10:00+00:00,120,-134,2025-01-09
CLE Cavaliers v ORL Magic,ORL Magic,CLE Cavaliers,2025-03-16 22:00:00+00:00,0,0,2025-03-16
CLE Cavaliers v PHI 76ers,PHI 76ers,CLE Cavaliers,2024-12-22 01:10:00+00:00,432,-552,2024-12-22
CLE Cavaliers v PHX Suns,PHX Suns,CLE Cavaliers,2025-01-20 20:30:00+00:00,265,-315,2025-01-20
CLE Cavaliers v POR Trail Blazers,POR Trail Blazers,CLE Cavaliers,2025-03-02 20:30:00+00:00,0,0,2025-03-02
CLE Cavaliers v SA Spurs,SA Spurs,CLE Cavaliers,2025-03-27 23:00:00+00:00,0,0,2025-03-27
CLE Cavaliers v TOR Raptors,TOR Raptors,CLE Cavaliers,2025-01-10 00:10:00+00:00,796,-1149,2025-01-10
CLE Cavaliers v TOR Raptors,TOR Raptors,CLE Cavaliers,2024-11-25 00:40:00+00:00,496,-653,2024-11-25
CLE Cavaliers v UTA Jazz,UTA Jazz,CLE Cavaliers,2024-12-24 00:10:00+00:00,742,-1052,2024-12-24
CLE Cavaliers v WAS Wizards,WAS Wizards,CLE Cavaliers,2024-12-14 00:10:00+00:00,877,-3333,2024-12-14
CLE Cavaliers v WAS Wizards,WAS Wizards,CLE Cavaliers,2024-12-04 00:00:00+00:00,769,-1999,2024-12-04
Candaces Rising Stars v Team Shaq Ogs,Team Shaq Ogs,Candaces Rising Stars,2025-02-17 02:10:00+00:00,-454,298,2025-02-17
Chucks Global Stars v Kennys Young Stars,Kennys Young Stars,Chucks Global Stars,2025-02-17 01:20:00+00:00,134,-178,2025-02-17
DAL Mavericks v BKN Nets,BKN Nets,DAL Mavericks,2025-04-01 00:30:00+00:00,0,0,2025-04-01
DAL Mavericks v BOS Celtics,BOS Celtics,DAL Mavericks,2025-01-25 22:30:00+00:00,-328,275,2025-01-25
DAL Mavericks v CHA Hornets,CHA Hornets,DAL Mavericks,2025-02-28 01:30:00+00:00,0,0,2025-02-28
DAL Mavericks v CLE Cavaliers,CLE Cavaliers,DAL Mavericks,2025-01-04 01:40:00+00:00,-278,238,2025-01-04
DAL Mavericks v DEN Nuggets,DEN Nuggets,DAL Mavericks,2025-01-15 02:40:00+00:00,-156,139,2025-01-15
DAL Mavericks v DEN Nuggets,DEN Nuggets,DAL Mavericks,2025-01-12 20:10:00+00:00,-225,196,2025-01-12
DAL Mavericks v DET Pistons,DET Pistons,DAL Mavericks,2025-03-22 00:30:00+00:00,0,0,2025-03-22
DAL Mavericks v GS Warriors,GS Warriors,DAL Mavericks,2025-02-13 02:30:00+00:00,0,0,2025-02-13
DAL Mavericks v HOU Rockets,HOU Rockets,DAL Mavericks,2025-02-08 20:00:00+00:00,0,0,2025-02-08
DAL Mavericks v LA Clippers,LA Clippers,DAL Mavericks,2024-12-22 01:40:00+00:00,143,-161,2024-12-22
DAL Mavericks v LA Clippers,LA Clippers,DAL Mavericks,2024-12-20 01:40:00+00:00,198,-277,2024-12-20
DAL Mavericks v LA Lakers,LA Lakers,DAL Mavericks,2025-01-08 00:35:00+00:00,-246,213,2025-01-08
DAL Mavericks v MEM Grizzlies,MEM Grizzlies,DAL Mavericks,2025-03-08 00:30:00+00:00,0,0,2025-03-08
DAL Mavericks v MEM Grizzlies,MEM Grizzlies,DAL Mavericks,2024-12-04 01:40:00+00:00,149,-169,2024-12-04
DAL Mavericks v MIA Heat,MIA Heat,DAL Mavericks,2025-02-14 01:30:00+00:00,0,0,2025-02-14
DAL Mavericks v MIL Bucks,MIL Bucks,DAL Mavericks,2025-03-02 01:30:00+00:00,0,0,2025-03-02
DAL Mavericks v MIN Timberwolves,MIN Timberwolves,DAL Mavericks,2025-01-23 00:30:00+00:00,-152,135,2025-01-23
DAL Mavericks v MIN Timberwolves,MIN Timberwolves,DAL Mavericks,2024-12-26 04:00:00+00:00,177,-207,2024-12-26
DAL Mavericks v MIN Timberwolves,MIN Timberwolves,DAL Mavericks,2024-12-25 19:40:00+00:00,150,-204,2024-12-25
DAL Mavericks v NO Pelicans,NO Pelicans,DAL Mavericks,2025-02-22 02:30:00+00:00,0,0,2025-02-22
DAL Mavericks v NYK Knicks,NYK Knicks,DAL Mavericks,2024-11-28 00:40:00+00:00,-171,151,2024-11-28
DAL Mavericks v OKC Thunder,OKC Thunder,DAL Mavericks,2025-01-18 01:30:00+00:00,-316,266,2025-01-18
DAL Mavericks v PHI 76ers,PHI 76ers,DAL Mavericks,2025-03-16 17:00:00+00:00,0,0,2025-03-16
DAL Mavericks v PHX Suns,PHX Suns,DAL Mavericks,2025-03-09 19:30:00+00:00,0,0,2025-03-09
DAL Mavericks v POR Trail Blazers,POR Trail Blazers,DAL Mavericks,2025-01-10 01:40:00+00:00,258,-305,2025-01-10
DAL Mavericks v POR Trail Blazers,POR Trail Blazers,DAL Mavericks,2024-12-24 01:40:00+00:00,453,-588,2024-12-24
DAL Mavericks v SAC Kings,SAC Kings,DAL Mavericks,2025-03-04 01:30:00+00:00,0,0,2025-03-04
DAL Mavericks v SAC Kings,SAC Kings,DAL Mavericks,2025-02-11 01:30:00+00:00,0,0,2025-02-11
DAL Mavericks v WAS Wizards,WAS Wizards,DAL Mavericks,2025-01-28 01:30:00+00:00,487,-636,2025-01-28
DEN Nuggets v ATL Hawks,ATL Hawks,DEN Nuggets,2025-01-02 02:10:00+00:00,205,-236,2025-01-02
DEN Nuggets v BKN Nets,BKN Nets,DEN Nuggets,2025-01-11 02:10:00+00:00,687,-980,2025-01-11
DEN Nuggets v BOS Celtics,BOS Celtics,DEN Nuggets,2025-01-08 03:05:00+00:00,0,0,2025-01-08
DEN Nuggets v CHA Hornets,CHA Hornets,DEN Nuggets,2025-02-21 02:00:00+00:00,0,0,2025-02-21
DEN Nuggets v CHI Bulls,CHI Bulls,DEN Nuggets,2025-03-25 01:00:00+00:00,0,0,2025-03-25
DEN Nuggets v CLE Cavaliers,CLE Cavaliers,DEN Nuggets,2024-12-28 02:10:00+00:00,-143,127,2024-12-28
DEN Nuggets v DAL Mavericks,DAL Mavericks,DEN Nuggets,2024-11-23 03:10:00+00:00,126,-142,2024-11-23
DEN Nuggets v DET Pistons,DET Pistons,DEN Nuggets,2024-12-29 02:10:00+00:00,0,0,2024-12-29
DEN Nuggets v GSW Warriors,GSW Warriors,DEN Nuggets,2024-12-04 03:05:00+00:00,163,-184,2024-12-04
DEN Nuggets v HOU Rockets,HOU Rockets,DEN Nuggets,2025-01-16 02:10:00+00:00,105,-117,2025-01-16
DEN Nuggets v LA Clippers,LA Clippers,DEN Nuggets,2025-01-09 02:10:00+00:00,-126,113,2025-01-09
DEN Nuggets v LA Clippers,LA Clippers,DEN Nuggets,2024-12-14 02:10:00+00:00,215,-250,2024-12-14
DEN Nuggets v LA Lakers,LA Lakers,DEN Nuggets,2025-03-15 01:30:00+00:00,0,0,2025-03-15
DEN Nuggets v LA Lakers,LA Lakers,DEN Nuggets,2025-02-23 01:30:00+00:00,0,0,2025-02-23
DEN Nuggets v MIL Bucks,MIL Bucks,DEN Nuggets,2025-03-27 01:00:00+00:00,0,0,2025-03-27
DEN Nuggets v MIN Timberwolves,MIN Timberwolves,DEN Nuggets,2025-03-13 02:00:00+00:00,0,0,2025-03-13
DEN Nuggets v NO Pelicans,NO Pelicans,DEN Nuggets,2025-02-06 02:00:00+00:00,0,0,2025-02-06
DEN Nuggets v NO Pelicans,NO Pelicans,DEN Nuggets,2025-02-04 02:00:00+00:00,0,0,2025-02-04
DEN Nuggets v NYK Knicks,NYK Knicks,DEN Nuggets,2024-11-26 02:10:00+00:00,142,-160,2024-11-26
DEN Nuggets v ORL Magic,ORL Magic,DEN Nuggets,2025-02-07 02:00:00+00:00,226,-263,2025-02-07
DEN Nuggets v PHI 76ers,PHI 76ers,DEN Nuggets,2025-01-22 03:00:00+00:00,580,-800,2025-01-22
DEN Nuggets v PHX Suns,PHX Suns,DEN Nuggets,2025-03-08 03:00:00+00:00,0,0,2025-03-08
DEN Nuggets v PHX Suns,PHX Suns,DEN Nuggets,2024-12-24 03:10:00+00:00,166,-189,2024-12-24
DEN Nuggets v POR Trail Blazers,POR Trail Blazers,DEN Nuggets,2025-02-13 02:00:00+00:00,0,0,2025-02-13
DEN Nuggets v POR Trail Blazers,POR Trail Blazers,DEN Nuggets,2025-02-11 02:00:00+00:00,0,0,2025-02-11
DEN Nuggets v SA Spurs,SA Spurs,DEN Nuggets,2025-01-04 02:10:00+00:00,207,-239,2025-01-04
DEN Nuggets v SAC Kings,SAC Kings,DEN Nuggets,2025-03-06 02:00:00+00:00,0,0,2025-03-06
DEN Nuggets v SAC Kings,SAC Kings,DEN Nuggets,2025-01-24 02:00:00+00:00,276,-328,2025-01-24
DEN Nuggets v UTA Jazz,UTA Jazz,DEN Nuggets,2025-03-29 01:00:00+00:00,0,0,2025-03-29
DEN Nuggets v WAS Wizards,WAS Wizards,DEN Nuggets,2025-03-16 01:00:00+00:00,0,0,2025-03-16
DET Pistons v ATL Hawks,ATL Hawks,DET Pistons,2025-02-04 00:00:00+00:00,0,0,2025-02-04
DET Pistons v BKN Nets,BKN Nets,DET Pistons,2025-03-02 00:00:00+00:00,0,0,2025-03-02
DET Pistons v BOS Celtics,BOS Celtics,DET Pistons,2025-02-27 00:00:00+00:00,0,0,2025-02-27
DET Pistons v CHA Hornets,CHA Hornets,DET Pistons,2025-02-09 18:00:00+00:00,0,0,2025-02-09
DET Pistons v CHA Hornets,CHA Hornets,DET Pistons,2025-01-04 00:10:00+00:00,228,-265,2025-01-04
DET Pistons v CHI Bulls,CHI Bulls,DET Pistons,2025-02-02 20:00:00+00:00,0,0,2025-02-02
DET Pistons v CLE Cavaliers,CLE Cavaliers,DET Pistons,2025-03-28 23:00:00+00:00,0,0,2025-03-28
DET Pistons v CLE Cavaliers,CLE Cavaliers,DET Pistons,2025-02-06 00:00:00+00:00,0,0,2025-02-06
DET Pistons v DAL Mavericks,DAL Mavericks,DET Pistons,2025-02-01 00:00:00+00:00,-111,100,2025-02-01
DET Pistons v DEN Nuggets,DEN Nuggets,DET Pistons,2025-03-01 00:00:00+00:00,0,0,2025-03-01
DET Pistons v GS Warriors,GS Warriors,DET Pistons,2025-01-10 00:10:00+00:00,114,-127,2025-01-10
DET Pistons v IND Pacers,IND Pacers,DET Pistons,2025-01-17 00:10:00+00:00,109,-121,2025-01-17
DET Pistons v LA Clippers,LA Clippers,DET Pistons,2025-02-25 00:00:00+00:00,0,0,2025-02-25
DET Pistons v MIA Heat,MIA Heat,DET Pistons,2024-12-17 00:00:00+00:00,-184,162,2024-12-17
DET Pistons v MIL Bucks,MIL Bucks,DET Pistons,2024-12-04 00:10:00+00:00,-141,126,2024-12-04
DET Pistons v MIN Timberwolves,MIN Timberwolves,DET Pistons,2025-01-05 00:10:00+00:00,-287,245,2025-01-05
DET Pistons v NO Pelicans,NO Pelicans,DET Pistons,2025-03-23 19:00:00+00:00,0,0,2025-03-23
DET Pistons v OKC Thunder,OKC Thunder,DET Pistons,2025-03-15 23:00:00+00:00,0,0,2025-03-15
DET Pistons v ORL Magic,ORL Magic,DET Pistons,2025-01-02 00:10:00+00:00,111,-124,2025-01-02
DET Pistons v PHI 76ers,PHI 76ers,DET Pistons,2025-02-08 00:30:00+00:00,0,0,2025-02-08
DET Pistons v PHI 76ers,PHI 76ers,DET Pistons,2024-12-01 00:10:00+00:00,106,-118,2024-12-01
DET Pistons v PHX Suns,PHX Suns,DET Pistons,2025-01-18 21:00:00+00:00,-113,101,2025-01-18
DET Pistons v POR Trail Blazers,POR Trail Blazers,DET Pistons,2025-01-07 00:10:00+00:00,214,-247,2025-01-07
DET Pistons v SA Spurs,SA Spurs,DET Pistons,2025-03-25 23:00:00+00:00,0,0,2025-03-25
DET Pistons v TOR Raptors,TOR Raptors,DET Pistons,2025-01-12 00:10:00+00:00,179,-204,2025-01-12
DET Pistons v TOR Raptors,TOR Raptors,DET Pistons,2024-11-26 00:10:00+00:00,173,-196,2024-11-26
DET Pistons v UTA Jazz,UTA Jazz,DET Pistons,2024-12-20 00:10:00+00:00,135,-181,2024-12-20
DET Pistons v UTA Jazz,UTA Jazz,DET Pistons,2024-12-19 13:59:17+00:00,146,-196,2024-12-19
DET Pistons v WAS Wizards,WAS Wizards,DET Pistons,2025-03-13 23:00:00+00:00,0,0,2025-03-13
DET Pistons v WAS Wizards,WAS Wizards,DET Pistons,2025-03-11 23:00:00+00:00,0,0,2025-03-11
GS Warriors v BOS Celtics,BOS Celtics,GS Warriors,2025-01-20 22:00:00+00:00,-469,375,2025-01-20
GS Warriors v CHA Hornets,CHA Hornets,GS Warriors,2025-02-26 03:00:00+00:00,0,0,2025-02-26
GS Warriors v CHI Bulls,CHI Bulls,GS Warriors,2025-01-24 03:00:00+00:00,108,-120,2025-01-24
GS Warriors v CLE Cavaliers,CLE Cavaliers,GS Warriors,2024-12-31 03:10:00+00:00,-173,153,2024-12-31
GS Warriors v DAL Mavericks,DAL Mavericks,GS Warriors,2025-02-23 20:30:00+00:00,0,0,2025-02-23
GS Warriors v DAL Mavericks,DAL Mavericks,GS Warriors,2024-12-16 01:40:00+00:00,-142,127,2024-12-16
GS Warriors v DEN Nuggets,DEN Nuggets,GS Warriors,2025-03-18 02:00:00+00:00,0,0,2025-03-18
GS Warriors v DET Pistons,DET Pistons,GS Warriors,2025-03-09 01:30:00+00:00,0,0,2025-03-09
GS Warriors v IND Pacers,IND Pacers,GS Warriors,2024-12-24 03:10:00+00:00,192,-220,2024-12-24
GS Warriors v LA Lakers,LA Lakers,GS Warriors,2025-01-26 01:30:00+00:00,-110,-100,2025-01-26
GS Warriors v LA Lakers,LA Lakers,GS Warriors,2024-12-26 01:10:00+00:00,138,-156,2024-12-26
GS Warriors v MEM Grizzlies,MEM Grizzlies,GS Warriors,2025-01-05 01:40:00+00:00,121,-136,2025-01-05
GS Warriors v MIA Heat,MIA Heat,GS Warriors,2025-01-08 03:10:00+00:00,318,-389,2025-01-08
GS Warriors v MIL Bucks,MIL Bucks,GS Warriors,2025-03-19 02:00:00+00:00,0,0,2025-03-19
GS Warriors v MIN Timberwolves,MIN Timberwolves,GS Warriors,2024-12-09 01:40:00+00:00,-104,-106,2024-12-09
GS Warriors v MIN Timberwolves,MIN Timberwolves,GS Warriors,2024-12-07 03:00:00+00:00,-110,-101,2024-12-07
GS Warriors v NY Knicks,NY Knicks,GS Warriors,2025-03-16 00:30:00+00:00,0,0,2025-03-16
GS Warriors v OKC Thunder,OKC Thunder,GS Warriors,2025-01-30 03:00:00+00:00,-469,374,2025-01-30
GS Warriors v ORL Magic,ORL Magic,GS Warriors,2025-02-04 03:00:00+00:00,0,0,2025-02-04
GS Warriors v PHI 76ers,PHI 76ers,GS Warriors,2025-01-03 03:00:00+00:00,131,-148,2025-01-03
GS Warriors v PHX Suns,PHX Suns,GS Warriors,2025-02-01 03:00:00+00:00,-115,103,2025-02-01
GS Warriors v PHX Suns,PHX Suns,GS Warriors,2024-12-29 01:40:00+00:00,213,-246,2024-12-29
GS Warriors v POR Trail Blazers,POR Trail Blazers,GS Warriors,2025-03-11 02:00:00+00:00,0,0,2025-03-11
GS Warriors v SAC Kings,SAC Kings,GS Warriors,2025-03-14 02:00:00+00:00,0,0,2025-03-14
GS Warriors v SAC Kings,SAC Kings,GS Warriors,2025-01-06 01:40:00+00:00,127,-142,2025-01-06
GS Warriors v TOR Raptors,TOR Raptors,GS Warriors,2025-03-21 02:00:00+00:00,0,0,2025-03-21
GS Warriors v UTA Jazz,UTA Jazz,GS Warriors,2025-01-29 03:00:00+00:00,520,-699,2025-01-29
GS Warriors v WAS Wizards,WAS Wizards,GS Warriors,2025-01-19 01:30:00+00:00,593,-813,2025-01-19
GSW Warriors v BKN Nets,BKN Nets,GSW Warriors,2024-11-26 03:10:00+00:00,607,-847,2024-11-26
GSW Warriors v HOU Rockets,HOU Rockets,GSW Warriors,2024-12-06 03:10:00+00:00,-163,145,2024-12-06
GSW Warriors v OKC Thunder,OKC Thunder,GSW Warriors,2024-11-28 03:10:00+00:00,-133,118,2024-11-28
HOU Rockets v ATL Hawks,ATL Hawks,HOU Rockets,2025-03-26 00:00:00+00:00,0,0,2025-03-26
HOU Rockets v BKN Nets,BKN Nets,HOU Rockets,2025-02-02 01:00:00+00:00,0,0,2025-02-02
HOU Rockets v BOS Celtics,BOS Celtics,HOU Rockets,2025-01-04 01:10:00+00:00,-125,112,2025-01-04
HOU Rockets v CHI Bulls,CHI Bulls,HOU Rockets,2025-03-16 00:00:00+00:00,0,0,2025-03-16
HOU Rockets v CLE Cavaliers,CLE Cavaliers,HOU Rockets,2025-01-23 01:00:00+00:00,-147,130,2025-01-23
HOU Rockets v DAL Mavericks,DAL Mavericks,HOU Rockets,2025-03-15 00:00:00+00:00,0,0,2025-03-15
HOU Rockets v DAL Mavericks,DAL Mavericks,HOU Rockets,2025-01-02 01:10:00+00:00,173,-196,2025-01-02
HOU Rockets v DEN Nuggets,DEN Nuggets,HOU Rockets,2025-03-23 23:00:00+00:00,0,0,2025-03-23
HOU Rockets v DET Pistons,DET Pistons,HOU Rockets,2025-01-20 19:00:00+00:00,265,-314,2025-01-20
HOU Rockets v GS Warriors,GS Warriors,HOU Rockets,2025-02-14 01:00:00+00:00,0,0,2025-02-14
HOU Rockets v GS Warriors,GS Warriors,HOU Rockets,2024-12-12 02:40:00+00:00,118,-133,2024-12-12
HOU Rockets v GSW Warriors,GSW Warriors,HOU Rockets,2024-12-12 02:30:00+00:00,0,0,2024-12-12
HOU Rockets v LA Lakers,LA Lakers,HOU Rockets,2025-01-06 00:10:00+00:00,158,-179,2025-01-06
HOU Rockets v MEM Grizzlies,MEM Grizzlies,HOU Rockets,2025-01-14 01:10:00+00:00,133,-149,2025-01-14
HOU Rockets v MIA Heat,MIA Heat,HOU Rockets,2024-12-30 00:10:00+00:00,298,-359,2024-12-30
HOU Rockets v MIL Bucks,MIL Bucks,HOU Rockets,2025-02-26 01:00:00+00:00,0,0,2025-02-26
HOU Rockets v MIN Timberwolves,MIN Timberwolves,HOU Rockets,2025-02-22 02:30:00+00:00,0,0,2025-02-22
HOU Rockets v MIN Timberwolves,MIN Timberwolves,HOU Rockets,2024-12-28 01:10:00+00:00,103,-115,2024-12-28
HOU Rockets v NO Pelicans,NO Pelicans,HOU Rockets,2025-03-09 00:00:00+00:00,0,0,2025-03-09
HOU Rockets v NO Pelicans,NO Pelicans,HOU Rockets,2024-12-20 01:10:00+00:00,350,-555,2024-12-20
HOU Rockets v OKC Thunder,OKC Thunder,HOU Rockets,2024-12-02 00:10:00+00:00,-119,107,2024-12-02
HOU Rockets v ORL Magic,ORL Magic,HOU Rockets,2025-03-11 00:00:00+00:00,0,0,2025-03-11
HOU Rockets v PHI 76ers,PHI 76ers,HOU Rockets,2025-03-18 00:00:00+00:00,0,0,2025-03-18
HOU Rockets v PHX Suns,PHX Suns,HOU Rockets,2025-03-13 00:00:00+00:00,0,0,2025-03-13
HOU Rockets v PHX Suns,PHX Suns,HOU Rockets,2025-02-13 01:30:00+00:00,0,0,2025-02-13
HOU Rockets v POR Trail Blazers,POR Trail Blazers,HOU Rockets,2024-11-24 01:10:00+00:00,568,-775,2024-11-24
HOU Rockets v POR Trail Blazers,POR Trail Blazers,HOU Rockets,2024-11-23 01:10:00+00:00,537,-719,2024-11-23
HOU Rockets v SA Spurs,SA Spurs,HOU Rockets,2025-02-27 02:30:00+00:00,0,0,2025-02-27
HOU Rockets v SAC Kings,SAC Kings,HOU Rockets,2025-03-02 01:00:00+00:00,0,0,2025-03-02
HOU Rockets v TOR Raptors,TOR Raptors,HOU Rockets,2025-02-09 19:00:00+00:00,0,0,2025-02-09
IND Pacers v ATL Hawks,ATL Hawks,IND Pacers,2025-02-01 22:00:00+00:00,0,0,2025-02-01
IND Pacers v BKN Nets,BKN Nets,IND Pacers,2025-03-22 21:00:00+00:00,0,0,2025-03-22
IND Pacers v BKN Nets,BKN Nets,IND Pacers,2025-03-20 23:00:00+00:00,0,0,2025-03-20
IND Pacers v CHA Hornets,CHA Hornets,IND Pacers,2024-12-08 22:10:00+00:00,470,-613,2024-12-08
IND Pacers v CHI Bulls,CHI Bulls,IND Pacers,2025-03-02 22:00:00+00:00,0,0,2025-03-02
IND Pacers v CHI Bulls,CHI Bulls,IND Pacers,2025-01-09 00:10:00+00:00,193,-222,2025-01-09
IND Pacers v CLE Cavaliers,CLE Cavaliers,IND Pacers,2025-01-15 00:10:00+00:00,-334,279,2025-01-15
IND Pacers v DAL Mavericks,DAL Mavericks,IND Pacers,2025-03-19 23:00:00+00:00,0,0,2025-03-19
IND Pacers v DEN Nuggets,DEN Nuggets,IND Pacers,2025-02-25 00:00:00+00:00,0,0,2025-02-25
IND Pacers v DET Pistons,DET Pistons,IND Pacers,2025-01-30 00:00:00+00:00,226,-263,2025-01-30
IND Pacers v DET Pistons,DET Pistons,IND Pacers,2024-11-30 01:10:00+00:00,183,-210,2024-11-30
IND Pacers v GS Warriors,GS Warriors,IND Pacers,2025-01-11 00:00:00+00:00,253,-299,2025-01-11
IND Pacers v HOU Rockets,HOU Rockets,IND Pacers,2025-03-05 00:00:00+00:00,0,0,2025-03-05
IND Pacers v LA Clippers,LA Clippers,IND Pacers,2025-02-23 22:00:00+00:00,0,0,2025-02-23
IND Pacers v LA Lakers,LA Lakers,IND Pacers,2025-03-26 23:30:00+00:00,0,0,2025-03-26
IND Pacers v MEM Grizzlies,MEM Grizzlies,IND Pacers,2025-02-21 00:00:00+00:00,0,0,2025-02-21
IND Pacers v MIL Bucks,MIL Bucks,IND Pacers,2025-03-11 23:30:00+00:00,0,0,2025-03-11
IND Pacers v MIL Bucks,MIL Bucks,IND Pacers,2024-12-31 20:10:00+00:00,-124,111,2024-12-31
IND Pacers v MIN Timberwolves,MIN Timberwolves,IND Pacers,2025-03-24 23:00:00+00:00,0,0,2025-03-24
IND Pacers v NO Pelicans,NO Pelicans,IND Pacers,2024-12-15 22:00:00+00:00,230,-268,2024-12-15
IND Pacers v NOP Pelicans,NOP Pelicans,IND Pacers,2024-11-26 00:10:00+00:00,227,-263,2024-11-26
IND Pacers v NY Knicks,NY Knicks,IND Pacers,2025-02-12 00:30:00+00:00,0,0,2025-02-12
IND Pacers v OKC Thunder,OKC Thunder,IND Pacers,2024-12-27 00:10:00+00:00,-207,181,2024-12-27
IND Pacers v PHI 76ers,PHI 76ers,IND Pacers,2025-01-19 00:00:00+00:00,319,-389,2025-01-19
IND Pacers v PHX Suns,PHX Suns,IND Pacers,2025-01-05 00:00:00+00:00,117,-130,2025-01-05
IND Pacers v POR Trail Blazers,POR Trail Blazers,IND Pacers,2024-11-28 00:10:00+00:00,378,-471,2024-11-28
IND Pacers v SA Spurs,SA Spurs,IND Pacers,2025-01-23 19:00:00+00:00,124,-139,2025-01-23
IND Pacers v SAC Kings,SAC Kings,IND Pacers,2025-03-31 23:00:00+00:00,0,0,2025-03-31
IND Pacers v TOR Raptors,TOR Raptors,IND Pacers,2025-02-27 00:00:00+00:00,0,0,2025-02-27
IND Pacers v WAS Wizards,WAS Wizards,IND Pacers,2024-11-24 22:10:00+00:00,538,-724,2024-11-24
LA Clippers v ATL Hawks,ATL Hawks,LA Clippers,2025-01-05 03:40:00+00:00,225,-262,2025-01-05
LA Clippers v BKN Nets,BKN Nets,LA Clippers,2025-01-16 03:40:00+00:00,626,-884,2025-01-16
LA Clippers v BOS Celtics,BOS Celtics,LA Clippers,2025-01-23 03:30:00+00:00,-478,380,2025-01-23
LA Clippers v CHA Hornets,CHA Hornets,LA Clippers,2025-03-16 23:00:00+00:00,0,0,2025-03-16
LA Clippers v CHI Bulls,CHI Bulls,LA Clippers,2025-01-21 03:30:00+00:00,195,-224,2025-01-21
LA Clippers v CLE Cavaliers,CLE Cavaliers,LA Clippers,2025-03-19 02:30:00+00:00,0,0,2025-03-19
LA Clippers v DEN Nuggets,DEN Nuggets,LA Clippers,2024-12-02 03:10:00+00:00,-141,125,2024-12-02
LA Clippers v DET Pistons,DET Pistons,LA Clippers,2025-03-06 03:30:00+00:00,0,0,2025-03-06
LA Clippers v GS Warriors,GS Warriors,LA Clippers,2024-12-28 03:10:00+00:00,156,-177,2024-12-28
LA Clippers v HOU Rockets,HOU Rockets,LA Clippers,2024-12-09 02:10:00+00:00,-163,145,2024-12-09
LA Clippers v IND Pacers,IND Pacers,LA Clippers,2025-02-07 03:30:00+00:00,171,-196,2025-02-07
LA Clippers v LA Lakers,LA Lakers,LA Clippers,2025-02-05 03:00:00+00:00,0,0,2025-02-05
LA Clippers v LA Lakers,LA Lakers,LA Clippers,2025-01-20 02:00:00+00:00,151,-170,2025-01-20
LA Clippers v MEM Grizzlies,MEM Grizzlies,LA Clippers,2025-03-22 02:30:00+00:00,0,0,2025-03-22
LA Clippers v MEM Grizzlies,MEM Grizzlies,LA Clippers,2025-02-13 03:30:00+00:00,0,0,2025-02-13
LA Clippers v MIA Heat,MIA Heat,LA Clippers,2025-01-14 03:40:00+00:00,213,-247,2025-01-14
LA Clippers v MIL Bucks,MIL Bucks,LA Clippers,2025-01-26 03:30:00+00:00,129,-145,2025-01-26
LA Clippers v MIN Timberwolves,MIN Timberwolves,LA Clippers,2024-12-05 03:40:00+00:00,-142,127,2024-12-05
LA Clippers v NY Knicks,NY Knicks,LA Clippers,2025-03-08 03:30:00+00:00,0,0,2025-03-08
LA Clippers v OKC Thunder,OKC Thunder,LA Clippers,2025-03-24 01:00:00+00:00,0,0,2025-03-24
LA Clippers v POR Trail Blazers,POR Trail Blazers,LA Clippers,2024-12-04 03:40:00+00:00,304,-369,2024-12-04
LA Clippers v SAC Kings,SAC Kings,LA Clippers,2025-03-10 01:30:00+00:00,0,0,2025-03-10
LA Clippers v SAC Kings,SAC Kings,LA Clippers,2024-11-23 03:40:00+00:00,-153,136,2024-11-23
LA Clippers v UTA Jazz,UTA Jazz,LA Clippers,2025-02-09 03:30:00+00:00,0,0,2025-02-09
LA Clippers v UTA Jazz,UTA Jazz,LA Clippers,2024-12-17 03:40:00+00:00,282,-337,2024-12-17
LA Clippers v WAS Wizards,WAS Wizards,LA Clippers,2025-01-24 03:30:00+00:00,614,-862,2025-01-24
LA Lakers v ATL Hawks,ATL Hawks,LA Lakers,2025-01-04 03:40:00+00:00,127,-142,2025-01-04
LA Lakers v BKN Nets,BKN Nets,LA Lakers,2025-01-18 03:30:00+00:00,448,-581,2025-01-18
LA Lakers v BOS Celtics,BOS Celtics,LA Lakers,2025-01-24 03:00:00+00:00,-199,174,2025-01-24
LA Lakers v CHA Hornets,CHA Hornets,LA Lakers,2025-02-20 03:00:00+00:00,0,0,2025-02-20
LA Lakers v CHA Hornets,CHA Hornets,LA Lakers,2025-01-10 03:40:00+00:00,299,-362,2025-01-10
LA Lakers v CHI Bulls,CHI Bulls,LA Lakers,2025-03-23 02:30:00+00:00,0,0,2025-03-23
LA Lakers v CLE Cavaliers,CLE Cavaliers,LA Lakers,2025-01-01 02:10:00+00:00,-190,167,2025-01-01
LA Lakers v DAL Mavericks,DAL Mavericks,LA Lakers,2025-02-26 03:00:00+00:00,0,0,2025-02-26
LA Lakers v DEN Nuggets,DEN Nuggets,LA Lakers,2025-03-20 02:00:00+00:00,0,0,2025-03-20
LA Lakers v DET Pistons,DET Pistons,LA Lakers,2024-12-24 03:40:00+00:00,193,-222,2024-12-24
LA Lakers v GS Warriors,GS Warriors,LA Lakers,2025-02-07 03:00:00+00:00,240,-281,2025-02-07
LA Lakers v HOU Rockets,HOU Rockets,LA Lakers,2025-04-01 02:00:00+00:00,0,0,2025-04-01
LA Lakers v IND Pacers,IND Pacers,LA Lakers,2025-02-08 21:00:00+00:00,0,0,2025-02-08
LA Lakers v LA Clippers,LA Clippers,LA Lakers,2025-03-03 02:30:00+00:00,0,0,2025-03-03
LA Lakers v LA Clippers,LA Clippers,LA Lakers,2025-03-01 03:00:00+00:00,0,0,2025-03-01
LA Lakers v MEM Grizzlies,MEM Grizzlies,LA Lakers,2024-12-16 02:40:00+00:00,-186,164,2024-12-16
LA Lakers v MIA Heat,MIA Heat,LA Lakers,2025-01-16 03:10:00+00:00,170,-194,2025-01-16
LA Lakers v MIL Bucks,MIL Bucks,LA Lakers,2025-03-21 02:30:00+00:00,0,0,2025-03-21
LA Lakers v MIN Timberwolves,MIN Timberwolves,LA Lakers,2025-02-28 03:30:00+00:00,0,0,2025-02-28
LA Lakers v NO Pelicans,NO Pelicans,LA Lakers,2025-03-05 03:30:00+00:00,0,0,2025-03-05
LA Lakers v NY Knicks,NY Knicks,LA Lakers,2025-03-07 03:00:00+00:00,0,0,2025-03-07
LA Lakers v PHX Suns,PHX Suns,LA Lakers,2025-03-16 19:30:00+00:00,0,0,2025-03-16
LA Lakers v POR Trail Blazers,POR Trail Blazers,LA Lakers,2025-01-03 03:40:00+00:00,338,-416,2025-01-03
LA Lakers v SA Spurs,SA Spurs,LA Lakers,2025-03-18 02:30:00+00:00,0,0,2025-03-18
LA Lakers v SA Spurs,SA Spurs,LA Lakers,2025-01-14 03:40:00+00:00,146,-165,2025-01-14
LA Lakers v SAC Kings,SAC Kings,LA Lakers,2024-12-29 03:40:00+00:00,-103,-107,2024-12-29
LA Lakers v UTA Jazz,UTA Jazz,LA Lakers,2025-02-11 03:30:00+00:00,0,0,2025-02-11
LA Lakers v WAS Wizards,WAS Wizards,LA Lakers,2025-01-22 03:30:00+00:00,593,-826,2025-01-22
LAL Lakers v DEN Nuggets,DEN Nuggets,LAL Lakers,2024-11-24 03:40:00+00:00,152,-172,2024-11-24
LAL Lakers v OKC Thunder,OKC Thunder,LAL Lakers,2024-11-30 03:10:00+00:00,-146,130,2024-11-30
LAL Lakers v POR Trail Blazers,POR Trail Blazers,LAL Lakers,2024-12-09 02:40:00+00:00,335,-413,2024-12-09
MEM Grizzlies v ATL Hawks,ATL Hawks,MEM Grizzlies,2025-03-04 01:00:00+00:00,0,0,2025-03-04
MEM Grizzlies v BKN Nets,BKN Nets,MEM Grizzlies,2024-12-14 01:10:00+00:00,359,-588,2024-12-14
MEM Grizzlies v BOS Celtics,BOS Celtics,MEM Grizzlies,2025-03-31 23:30:00+00:00,0,0,2025-03-31
MEM Grizzlies v CHA Hornets,CHA Hornets,MEM Grizzlies,2025-01-23 01:00:00+00:00,486,-636,2025-01-23
MEM Grizzlies v CLE Cavaliers,CLE Cavaliers,MEM Grizzlies,2025-03-15 00:00:00+00:00,0,0,2025-03-15
MEM Grizzlies v DAL Mavericks,DAL Mavericks,MEM Grizzlies,2025-01-07 01:10:00+00:00,166,-188,2025-01-07
MEM Grizzlies v DET Pistons,DET Pistons,MEM Grizzlies,2024-11-28 01:10:00+00:00,282,-336,2024-11-28
MEM Grizzlies v GS Warriors,GS Warriors,MEM Grizzlies,2024-12-20 01:10:00+00:00,133,-178,2024-12-20
MEM Grizzlies v HOU Rockets,HOU Rockets,MEM Grizzlies,2025-01-31 02:30:00+00:00,162,-183,2025-01-31
MEM Grizzlies v HOU Rockets,HOU Rockets,MEM Grizzlies,2025-01-10 01:10:00+00:00,-100,-110,2025-01-10
MEM Grizzlies v IND Pacers,IND Pacers,MEM Grizzlies,2024-12-01 20:40:00+00:00,217,-251,2024-12-01
MEM Grizzlies v LA Clippers,LA Clippers,MEM Grizzlies,2024-12-24 01:10:00+00:00,195,-224,2024-12-24
MEM Grizzlies v LA Lakers,LA Lakers,MEM Grizzlies,2025-03-30 00:00:00+00:00,0,0,2025-03-30
MEM Grizzlies v MIA Heat,MIA Heat,MEM Grizzlies,2025-03-16 00:00:00+00:00,0,0,2025-03-16
MEM Grizzlies v MIN Timberwolves,MIN Timberwolves,MEM Grizzlies,2025-01-20 19:30:00+00:00,191,-219,2025-01-20
MEM Grizzlies v NO Pelicans,NO Pelicans,MEM Grizzlies,2025-01-25 01:00:00+00:00,433,-555,2025-01-25
MEM Grizzlies v NOP Pelicans,NOP Pelicans,MEM Grizzlies,2024-11-29 22:40:00+00:00,454,-588,2024-11-29
MEM Grizzlies v NY Knicks,NY Knicks,MEM Grizzlies,2025-03-01 01:00:00+00:00,0,0,2025-03-01
MEM Grizzlies v OKC Thunder,OKC Thunder,MEM Grizzlies,2025-03-06 02:30:00+00:00,0,0,2025-03-06
MEM Grizzlies v OKC Thunder,OKC Thunder,MEM Grizzlies,2025-02-09 01:00:00+00:00,0,0,2025-02-09
MEM Grizzlies v PHX Suns,PHX Suns,MEM Grizzlies,2025-03-11 00:00:00+00:00,0,0,2025-03-11
MEM Grizzlies v PHX Suns,PHX Suns,MEM Grizzlies,2025-02-26 01:00:00+00:00,0,0,2025-02-26
MEM Grizzlies v POR Trail Blazers,POR Trail Blazers,MEM Grizzlies,2024-11-26 01:10:00+00:00,381,-478,2024-11-26
MEM Grizzlies v SA Spurs,SA Spurs,MEM Grizzlies,2025-03-02 01:00:00+00:00,0,0,2025-03-02
MEM Grizzlies v SA Spurs,SA Spurs,MEM Grizzlies,2025-02-04 01:00:00+00:00,0,0,2025-02-04
MEM Grizzlies v SAC Kings,SAC Kings,MEM Grizzlies,2024-12-06 01:10:00+00:00,136,-153,2024-12-06
MEM Grizzlies v TOR Raptors,TOR Raptors,MEM Grizzlies,2024-12-27 01:10:00+00:00,495,-653,2024-12-27
MEM Grizzlies v UTA Jazz,UTA Jazz,MEM Grizzlies,2025-03-13 00:00:00+00:00,0,0,2025-03-13
MEM Grizzlies v UTA Jazz,UTA Jazz,MEM Grizzlies,2025-01-26 01:00:00+00:00,414,-526,2025-01-26
MIA Heat v ATL Hawks,ATL Hawks,MIA Heat,2025-03-27 23:30:00+00:00,0,0,2025-03-27
MIA Heat v ATL Hawks,ATL Hawks,MIA Heat,2025-02-27 00:30:00+00:00,0,0,2025-02-27
MIA Heat v BKN Nets,BKN Nets,MIA Heat,2024-12-24 00:30:00+00:00,407,-515,2024-12-24
MIA Heat v BOS Celtics,BOS Celtics,MIA Heat,2025-03-14 23:00:00+00:00,0,0,2025-03-14
MIA Heat v BOS Celtics,BOS Celtics,MIA Heat,2025-02-11 00:30:00+00:00,0,0,2025-02-11
MIA Heat v CHA Hornets,CHA Hornets,MIA Heat,2025-03-23 22:00:00+00:00,0,0,2025-03-23
MIA Heat v CHA Hornets,CHA Hornets,MIA Heat,2025-03-10 23:30:00+00:00,0,0,2025-03-10
MIA Heat v CHI Bulls,CHI Bulls,MIA Heat,2025-03-09 01:00:00+00:00,0,0,2025-03-09
MIA Heat v CLE Cavaliers,CLE Cavaliers,MIA Heat,2025-01-30 00:30:00+00:00,-302,256,2025-01-30
MIA Heat v CLE Cavaliers,CLE Cavaliers,MIA Heat,2024-12-08 23:00:00+00:00,-144,128,2024-12-08
MIA Heat v DAL Mavericks,DAL Mavericks,MIA Heat,2024-11-24 23:00:00+00:00,119,-134,2024-11-24
MIA Heat v DEN Nuggets,DEN Nuggets,MIA Heat,2025-01-18 01:00:00+00:00,-105,-105,2025-01-18
MIA Heat v DET Pistons,DET Pistons,MIA Heat,2025-03-19 23:30:00+00:00,0,0,2025-03-19
MIA Heat v GS Warriors,GS Warriors,MIA Heat,2025-03-25 23:30:00+00:00,0,0,2025-03-25
MIA Heat v HOU Rockets,HOU Rockets,MIA Heat,2025-03-22 00:00:00+00:00,0,0,2025-03-22
MIA Heat v IND Pacers,IND Pacers,MIA Heat,2025-03-01 01:00:00+00:00,0,0,2025-03-01
MIA Heat v IND Pacers,IND Pacers,MIA Heat,2025-01-03 00:40:00+00:00,103,-115,2025-01-03
MIA Heat v LA Clippers,LA Clippers,MIA Heat,2025-03-13 00:00:00+00:00,0,0,2025-03-13
MIA Heat v LAL Lakers,LAL Lakers,MIA Heat,2024-12-05 00:30:00+00:00,122,-136,2024-12-05
MIA Heat v MIL Bucks,MIL Bucks,MIA Heat,2024-11-27 00:30:00+00:00,-103,-128,2024-11-27
MIA Heat v MIN Timberwolves,MIN Timberwolves,MIA Heat,2025-03-08 01:00:00+00:00,0,0,2025-03-08
MIA Heat v NO Pelicans,NO Pelicans,MIA Heat,2025-01-02 00:30:00+00:00,300,-362,2025-01-02
MIA Heat v NY Knicks,NY Knicks,MIA Heat,2025-03-02 23:00:00+00:00,0,0,2025-03-02
MIA Heat v OKC Thunder,OKC Thunder,MIA Heat,2024-12-21 01:00:00+00:00,-112,-117,2024-12-21
MIA Heat v ORL Magic,ORL Magic,MIA Heat,2025-01-28 00:30:00+00:00,-112,100,2025-01-28
MIA Heat v PHX Suns,PHX Suns,MIA Heat,2024-12-08 01:00:00+00:00,185,-211,2024-12-08
MIA Heat v POR Trail Blazers,POR Trail Blazers,MIA Heat,2025-01-22 00:30:00+00:00,387,-487,2025-01-22
MIA Heat v SA Spurs,SA Spurs,MIA Heat,2025-01-19 20:00:00+00:00,133,-150,2025-01-19
MIA Heat v TOR Raptors,TOR Raptors,MIA Heat,2024-12-13 00:30:00+00:00,363,-450,2024-12-13
MIA Heat v TOR Raptors,TOR Raptors,MIA Heat,2024-11-30 01:10:00+00:00,210,-294,2024-11-30
MIA Heat v UTA Jazz,UTA Jazz,MIA Heat,2025-01-05 01:10:00+00:00,285,-341,2025-01-05
MIA Heat v WAS Wizards,WAS Wizards,MIA Heat,2025-03-04 00:30:00+00:00,0,0,2025-03-04
MIL Bucks v ATL Hawks,ATL Hawks,MIL Bucks,2025-03-30 23:00:00+00:00,0,0,2025-03-30
MIL Bucks v ATL Hawks,ATL Hawks,MIL Bucks,2024-12-14 21:40:00+00:00,145,-164,2024-12-14
MIL Bucks v ATL Hawks,ATL Hawks,MIL Bucks,2024-12-05 01:10:00+00:00,149,-168,2024-12-05
MIL Bucks v BKN Nets,BKN Nets,MIL Bucks,2025-01-03 01:10:00+00:00,589,-806,2025-01-03
MIL Bucks v BKN Nets,BKN Nets,MIL Bucks,2024-12-27 01:10:00+00:00,392,-492,2024-12-27
MIL Bucks v CHA Hornets,CHA Hornets,MIL Bucks,2024-11-24 01:00:00+00:00,235,-275,2024-11-24
MIL Bucks v CLE Cavaliers,CLE Cavaliers,MIL Bucks,2025-03-10 00:00:00+00:00,0,0,2025-03-10
MIL Bucks v DAL Mavericks,DAL Mavericks,MIL Bucks,2025-03-06 02:30:00+00:00,0,0,2025-03-06
MIL Bucks v DEN Nuggets,DEN Nuggets,MIL Bucks,2025-02-28 01:00:00+00:00,0,0,2025-02-28
MIL Bucks v GS Warriors,GS Warriors,MIL Bucks,2025-02-11 01:00:00+00:00,0,0,2025-02-11
MIL Bucks v IND Pacers,IND Pacers,MIL Bucks,2025-03-16 00:00:00+00:00,0,0,2025-03-16
MIL Bucks v IND Pacers,IND Pacers,MIL Bucks,2024-11-23 00:40:00+00:00,187,-214,2024-11-23
MIL Bucks v LA Clippers,LA Clippers,MIL Bucks,2025-02-21 01:00:00+00:00,0,0,2025-02-21
MIL Bucks v LA Lakers,LA Lakers,MIL Bucks,2025-03-13 23:30:00+00:00,0,0,2025-03-13
MIL Bucks v MEM Grizzlies,MEM Grizzlies,MIL Bucks,2025-02-03 01:30:00+00:00,0,0,2025-02-03
MIL Bucks v MIA Heat,MIA Heat,MIL Bucks,2025-02-24 00:00:00+00:00,0,0,2025-02-24
MIL Bucks v MIA Heat,MIA Heat,MIL Bucks,2025-02-23 23:00:00+00:00,0,0,2025-02-23
MIL Bucks v MIA Heat,MIA Heat,MIL Bucks,2025-01-24 00:30:00+00:00,244,-286,2025-01-24
MIL Bucks v NY Knicks,NY Knicks,MIL Bucks,2025-03-29 00:00:00+00:00,0,0,2025-03-29
MIL Bucks v OKC Thunder,OKC Thunder,MIL Bucks,2025-03-17 01:00:00+00:00,0,0,2025-03-17
MIL Bucks v ORL Magic,ORL Magic,MIL Bucks,2025-03-09 01:00:00+00:00,0,0,2025-03-09
MIL Bucks v ORL Magic,ORL Magic,MIL Bucks,2025-01-16 01:10:00+00:00,190,-216,2025-01-16
MIL Bucks v ORL Magic,ORL Magic,MIL Bucks,2024-12-11 00:00:00+00:00,236,-276,2024-12-11
MIL Bucks v ORL Magic,ORL Magic,MIL Bucks,2024-12-10 23:00:00+00:00,166,-227,2024-12-10
MIL Bucks v PHI 76ers,PHI 76ers,MIL Bucks,2025-02-09 19:00:00+00:00,0,0,2025-02-09
MIL Bucks v PHI 76ers,PHI 76ers,MIL Bucks,2025-01-20 00:00:00+00:00,542,-729,2025-01-20
MIL Bucks v POR Trail Blazers,POR Trail Blazers,MIL Bucks,2025-01-05 01:10:00+00:00,591,-813,2025-01-05
MIL Bucks v SA Spurs,SA Spurs,MIL Bucks,2025-01-09 02:40:00+00:00,161,-183,2025-01-09
MIL Bucks v SAC Kings,SAC Kings,MIL Bucks,2025-01-15 01:10:00+00:00,121,-136,2025-01-15
MIL Bucks v TOR Raptors,TOR Raptors,MIL Bucks,2025-01-18 01:00:00+00:00,451,-584,2025-01-18
MIL Bucks v WAS Wizards,WAS Wizards,MIL Bucks,2024-12-22 01:10:00+00:00,478,-625,2024-12-22
MIL Bucks v WAS Wizards,WAS Wizards,MIL Bucks,2024-12-01 01:00:00+00:00,760,-1086,2024-12-01
MIN Timberwolves v ATL Hawks,ATL Hawks,MIN Timberwolves,2025-01-28 01:00:00+00:00,374,-467,2025-01-28
MIN Timberwolves v BOS Celtics,BOS Celtics,MIN Timberwolves,2025-01-03 00:30:00+00:00,-181,160,2025-01-03
MIN Timberwolves v CHI Bulls,CHI Bulls,MIN Timberwolves,2025-02-06 01:00:00+00:00,0,0,2025-02-06
MIN Timberwolves v CLE Cavaliers,CLE Cavaliers,MIN Timberwolves,2025-01-19 02:00:00+00:00,-233,203,2025-01-19
MIN Timberwolves v DEN Nuggets,DEN Nuggets,MIN Timberwolves,2025-01-25 20:00:00+00:00,-191,168,2025-01-25
MIN Timberwolves v DET Pistons,DET Pistons,MIN Timberwolves,2025-03-30 23:00:00+00:00,0,0,2025-03-30
MIN Timberwolves v GS Warriors,GS Warriors,MIN Timberwolves,2025-01-16 02:40:00+00:00,204,-236,2025-01-16
MIN Timberwolves v GS Warriors,GS Warriors,MIN Timberwolves,2024-12-22 01:10:00+00:00,135,-152,2024-12-22
MIN Timberwolves v HOU Rockets,HOU Rockets,MIN Timberwolves,2025-02-07 01:00:00+00:00,-118,106,2025-02-07
MIN Timberwolves v HOU Rockets,HOU Rockets,MIN Timberwolves,2024-11-27 01:10:00+00:00,139,-156,2024-11-27
MIN Timberwolves v IND Pacers,IND Pacers,MIN Timberwolves,2025-03-18 00:00:00+00:00,0,0,2025-03-18
MIN Timberwolves v LA Clippers,LA Clippers,MIN Timberwolves,2025-01-07 01:10:00+00:00,117,-130,2025-01-07
MIN Timberwolves v LA Clippers,LA Clippers,MIN Timberwolves,2024-11-30 00:40:00+00:00,189,-216,2024-11-30
MIN Timberwolves v LA Lakers,LA Lakers,MIN Timberwolves,2024-12-14 01:10:00+00:00,298,-359,2024-12-14
MIN Timberwolves v LAL Lakers,LAL Lakers,MIN Timberwolves,2024-12-14 01:00:00+00:00,0,0,2024-12-14
MIN Timberwolves v LAL Lakers,LAL Lakers,MIN Timberwolves,2024-12-03 01:10:00+00:00,266,-315,2024-12-03
MIN Timberwolves v MEM Grizzlies,MEM Grizzlies,MIN Timberwolves,2025-01-12 01:10:00+00:00,110,-122,2025-01-12
MIN Timberwolves v MIL Bucks,MIL Bucks,MIN Timberwolves,2025-02-13 01:00:00+00:00,0,0,2025-02-13
MIN Timberwolves v NO Pelicans,NO Pelicans,MIN Timberwolves,2025-03-22 00:00:00+00:00,0,0,2025-03-22
MIN Timberwolves v NO Pelicans,NO Pelicans,MIN Timberwolves,2025-03-19 23:30:00+00:00,0,0,2025-03-19
MIN Timberwolves v NY Knicks,NY Knicks,MIN Timberwolves,2024-12-20 02:30:00+00:00,106,-140,2024-12-20
MIN Timberwolves v OKC Thunder,OKC Thunder,MIN Timberwolves,2025-02-24 02:30:00+00:00,0,0,2025-02-24
MIN Timberwolves v OKC Thunder,OKC Thunder,MIN Timberwolves,2025-02-14 01:30:00+00:00,0,0,2025-02-14
MIN Timberwolves v ORL Magic,ORL Magic,MIN Timberwolves,2025-03-15 00:00:00+00:00,0,0,2025-03-15
MIN Timberwolves v PHI 76ers,PHI 76ers,MIN Timberwolves,2025-03-05 01:00:00+00:00,0,0,2025-03-05
MIN Timberwolves v PHX Suns,PHX Suns,MIN Timberwolves,2025-03-29 00:00:00+00:00,0,0,2025-03-29
MIN Timberwolves v POR Trail Blazers,POR Trail Blazers,MIN Timberwolves,2025-02-09 01:00:00+00:00,0,0,2025-02-09
MIN Timberwolves v SA Spurs,SA Spurs,MIN Timberwolves,2025-03-10 00:00:00+00:00,0,0,2025-03-10
MIN Timberwolves v SA Spurs,SA Spurs,MIN Timberwolves,2024-12-30 01:10:00+00:00,210,-243,2024-12-30
MIN Timberwolves v SAC Kings,SAC Kings,MIN Timberwolves,2025-02-04 01:00:00+00:00,0,0,2025-02-04
MIN Timberwolves v SAC Kings,SAC Kings,MIN Timberwolves,2024-11-28 01:10:00+00:00,138,-156,2024-11-28
MIN Timberwolves v UTA Jazz,UTA Jazz,MIN Timberwolves,2025-03-16 23:00:00+00:00,0,0,2025-03-16
MIN Timberwolves v WAS Wizards,WAS Wizards,MIN Timberwolves,2025-02-02 01:00:00+00:00,0,0,2025-02-02
NO Pelicans v BOS Celtics,BOS Celtics,NO Pelicans,2025-02-01 01:00:00+00:00,-534,419,2025-02-01
NO Pelicans v CHA Hornets,CHA Hornets,NO Pelicans,2025-03-30 23:00:00+00:00,0,0,2025-03-30
NO Pelicans v DAL Mavericks,DAL Mavericks,NO Pelicans,2025-01-30 01:00:00+00:00,-107,-103,2025-01-30
NO Pelicans v DAL Mavericks,DAL Mavericks,NO Pelicans,2025-01-16 01:00:00+00:00,-132,118,2025-01-16
NO Pelicans v DEN Nuggets,DEN Nuggets,NO Pelicans,2024-12-23 00:10:00+00:00,-446,359,2024-12-23
NO Pelicans v DET Pistons,DET Pistons,NO Pelicans,2025-03-18 00:00:00+00:00,0,0,2025-03-18
NO Pelicans v GS Warriors,GS Warriors,NO Pelicans,2025-03-29 00:00:00+00:00,0,0,2025-03-29
NO Pelicans v HOU Rockets,HOU Rockets,NO Pelicans,2025-03-07 01:00:00+00:00,0,0,2025-03-07
NO Pelicans v HOU Rockets,HOU Rockets,NO Pelicans,2024-12-27 01:10:00+00:00,-301,255,2024-12-27
NO Pelicans v LA Clippers,LA Clippers,NO Pelicans,2025-03-12 00:00:00+00:00,0,0,2025-03-12
NO Pelicans v LA Clippers,LA Clippers,NO Pelicans,2024-12-31 01:10:00+00:00,-185,163,2024-12-31
NO Pelicans v MEM Grizzlies,MEM Grizzlies,NO Pelicans,2025-03-09 23:00:00+00:00,0,0,2025-03-09
NO Pelicans v MEM Grizzlies,MEM Grizzlies,NO Pelicans,2024-12-28 01:00:00+00:00,-387,317,2024-12-28
NO Pelicans v MIN Timberwolves,MIN Timberwolves,NO Pelicans,2025-01-08 01:00:00+00:00,-189,167,2025-01-08
NO Pelicans v NY Knicks,NY Knicks,NO Pelicans,2024-12-22 01:10:00+00:00,-304,258,2024-12-22
NO Pelicans v OKC Thunder,OKC Thunder,NO Pelicans,2024-12-08 00:10:00+00:00,-327,274,2024-12-08
NO Pelicans v ORL Magic,ORL Magic,NO Pelicans,2025-03-14 00:00:00+00:00,0,0,2025-03-14
NO Pelicans v PHI 76ers,PHI 76ers,NO Pelicans,2025-03-25 00:00:00+00:00,0,0,2025-03-25
NO Pelicans v POR Trail Blazers,POR Trail Blazers,NO Pelicans,2025-01-09 01:10:00+00:00,116,-129,2025-01-09
NO Pelicans v SA Spurs,SA Spurs,NO Pelicans,2025-02-26 01:00:00+00:00,0,0,2025-02-26
NO Pelicans v SA Spurs,SA Spurs,NO Pelicans,2025-02-24 00:00:00+00:00,0,0,2025-02-24
NO Pelicans v SAC Kings,SAC Kings,NO Pelicans,2025-02-14 01:00:00+00:00,0,0,2025-02-14
NO Pelicans v SAC Kings,SAC Kings,NO Pelicans,2025-02-13 01:00:00+00:00,0,0,2025-02-13
NO Pelicans v SAC Kings,SAC Kings,NO Pelicans,2024-12-13 01:10:00+00:00,-265,227,2024-12-13
NO Pelicans v UTA Jazz,UTA Jazz,NO Pelicans,2025-01-21 01:00:00+00:00,404,-510,2025-01-21
NO Pelicans v UTA Jazz,UTA Jazz,NO Pelicans,2025-01-18 01:00:00+00:00,474,-617,2025-01-18
NO Pelicans v WAS Wizards,WAS Wizards,NO Pelicans,2025-01-04 01:10:00+00:00,244,-286,2025-01-04
NOP Pelicans v GSW Warriors,GSW Warriors,NOP Pelicans,2024-11-23 00:40:00+00:00,-497,395,2024-11-23
NOP Pelicans v PHX Suns,PHX Suns,NOP Pelicans,2024-12-06 01:10:00+00:00,-128,115,2024-12-06
NOP Pelicans v TOR Raptors,TOR Raptors,NOP Pelicans,2024-11-28 01:10:00+00:00,127,-143,2024-11-28
NY Knicks v ATL Hawks,ATL Hawks,NY Knicks,2025-02-13 00:30:00+00:00,0,0,2025-02-13
NY Knicks v ATL Hawks,ATL Hawks,NY Knicks,2025-01-20 20:00:00+00:00,222,-259,2025-01-20
NY Knicks v ATL Hawks,ATL Hawks,NY Knicks,2024-12-12 00:10:00+00:00,279,-333,2024-12-12
NY Knicks v ATL Hawks,ATL Hawks,NY Knicks,2024-12-11 23:00:00+00:00,0,0,2024-12-11
NY Knicks v BOS Celtics,BOS Celtics,NY Knicks,2025-02-09 01:30:00+00:00,0,0,2025-02-09
NY Knicks v CHI Bulls,CHI Bulls,NY Knicks,2025-02-21 00:30:00+00:00,0,0,2025-02-21
NY Knicks v DAL Mavericks,DAL Mavericks,NY Knicks,2025-03-25 23:30:00+00:00,0,0,2025-03-25
NY Knicks v DEN Nuggets,DEN Nuggets,NY Knicks,2025-01-30 00:30:00+00:00,121,-136,2025-01-30
NY Knicks v DET Pistons,DET Pistons,NY Knicks,2025-01-14 00:40:00+00:00,247,-291,2025-01-14
NY Knicks v DET Pistons,DET Pistons,NY Knicks,2024-12-08 00:40:00+00:00,288,-344,2024-12-08
NY Knicks v GS Warriors,GS Warriors,NY Knicks,2025-03-05 00:30:00+00:00,0,0,2025-03-05
NY Knicks v HOU Rockets,HOU Rockets,NY Knicks,2025-02-04 00:30:00+00:00,0,0,2025-02-04
NY Knicks v LA Clippers,LA Clippers,NY Knicks,2025-03-26 23:30:00+00:00,0,0,2025-03-26
NY Knicks v LA Lakers,LA Lakers,NY Knicks,2025-02-02 01:30:00+00:00,0,0,2025-02-02
NY Knicks v MEM Grizzlies,MEM Grizzlies,NY Knicks,2025-01-28 00:30:00+00:00,140,-158,2025-01-28
NY Knicks v MIA Heat,MIA Heat,NY Knicks,2025-03-17 23:30:00+00:00,0,0,2025-03-17
NY Knicks v MIL Bucks,MIL Bucks,NY Knicks,2025-01-12 20:10:00+00:00,157,-177,2025-01-12
NY Knicks v MIN Timberwolves,MIN Timberwolves,NY Knicks,2025-01-18 00:30:00+00:00,161,-182,2025-01-18
NY Knicks v OKC Thunder,OKC Thunder,NY Knicks,2025-01-11 00:40:00+00:00,-183,162,2025-01-11
NY Knicks v ORL Magic,ORL Magic,NY Knicks,2025-01-07 00:40:00+00:00,489,-645,2025-01-07
NY Knicks v PHI 76ers,PHI 76ers,NY Knicks,2025-02-27 00:00:00+00:00,0,0,2025-02-27
NY Knicks v POR Trail Blazers,POR Trail Blazers,NY Knicks,2025-03-30 22:00:00+00:00,0,0,2025-03-30
NY Knicks v SA Spurs,SA Spurs,NY Knicks,2024-12-26 04:00:00+00:00,304,-383,2024-12-26
NY Knicks v SA Spurs,SA Spurs,NY Knicks,2024-12-25 17:10:00+00:00,294,-434,2024-12-25
NY Knicks v SAC Kings,SAC Kings,NY Knicks,2025-01-26 00:30:00+00:00,161,-182,2025-01-26
NY Knicks v TOR Raptors,TOR Raptors,NY Knicks,2025-01-09 00:40:00+00:00,492,-649,2025-01-09
NY Knicks v TOR Raptors,TOR Raptors,NY Knicks,2024-12-24 00:40:00+00:00,619,-862,2024-12-24
NY Knicks v UTA Jazz,UTA Jazz,NY Knicks,2025-01-02 00:40:00+00:00,589,-806,2025-01-02
NY Knicks v WAS Wizards,WAS Wizards,NY Knicks,2025-03-23 00:00:00+00:00,0,0,2025-03-23
NYK Knicks v ATL Hawks,ATL Hawks,NYK Knicks,2024-12-11 23:00:00+00:00,0,0,2024-12-11
NYK Knicks v CHA Hornets,CHA Hornets,NYK Knicks,2024-12-06 00:40:00+00:00,711,-1030,2024-12-06
NYK Knicks v NOP Pelicans,NOP Pelicans,NYK Knicks,2024-12-01 23:10:00+00:00,541,-729,2024-12-01
NYK Knicks v ORL Magic,ORL Magic,NYK Knicks,2024-12-04 00:30:00+00:00,194,-270,2024-12-04
OKC Thunder v BKN Nets,BKN Nets,OKC Thunder,2025-01-20 00:00:00+00:00,857,-1265,2025-01-20
OKC Thunder v BOS Celtics,BOS Celtics,OKC Thunder,2025-01-05 20:40:00+00:00,108,-120,2025-01-05
OKC Thunder v CHA Hornets,CHA Hornets,OKC Thunder,2025-03-22 00:00:00+00:00,0,0,2025-03-22
OKC Thunder v CHI Bulls,CHI Bulls,OKC Thunder,2025-04-01 00:00:00+00:00,0,0,2025-04-01
OKC Thunder v CLE Cavaliers,CLE Cavaliers,OKC Thunder,2025-01-17 00:40:00+00:00,115,-128,2025-01-17
OKC Thunder v DAL Mavericks,DAL Mavericks,OKC Thunder,2025-01-24 01:00:00+00:00,540,-724,2025-01-24
OKC Thunder v DAL Mavericks,DAL Mavericks,OKC Thunder,2024-12-11 02:40:00+00:00,155,-175,2024-12-11
OKC Thunder v DEN Nuggets,DEN Nuggets,OKC Thunder,2025-03-11 00:00:00+00:00,0,0,2025-03-11
OKC Thunder v DEN Nuggets,DEN Nuggets,OKC Thunder,2025-03-09 17:00:00+00:00,0,0,2025-03-09
OKC Thunder v HOU Rockets,HOU Rockets,OKC Thunder,2025-03-04 01:00:00+00:00,0,0,2025-03-04
OKC Thunder v HOU Rockets,HOU Rockets,OKC Thunder,2024-12-15 01:40:00+00:00,188,-216,2024-12-15
OKC Thunder v IND Pacers,IND Pacers,OKC Thunder,2025-03-30 00:00:00+00:00,0,0,2025-03-30
OKC Thunder v LA Clippers,LA Clippers,OKC Thunder,2025-01-03 01:10:00+00:00,430,-552,2025-01-03
OKC Thunder v MEM Grizzlies,MEM Grizzlies,OKC Thunder,2025-03-28 00:00:00+00:00,0,0,2025-03-28
OKC Thunder v MEM Grizzlies,MEM Grizzlies,OKC Thunder,2024-12-30 00:10:00+00:00,217,-251,2024-12-30
OKC Thunder v MIA Heat,MIA Heat,OKC Thunder,2025-02-13 01:00:00+00:00,0,0,2025-02-13
OKC Thunder v MIL Bucks,MIL Bucks,OKC Thunder,2025-02-04 01:00:00+00:00,0,0,2025-02-04
OKC Thunder v MIN Timberwolves,MIN Timberwolves,OKC Thunder,2025-02-25 01:00:00+00:00,0,0,2025-02-25
OKC Thunder v MIN Timberwolves,MIN Timberwolves,OKC Thunder,2025-01-01 01:10:00+00:00,231,-270,2025-01-01
OKC Thunder v NO Pelicans,NO Pelicans,OKC Thunder,2025-02-11 01:00:00+00:00,0,0,2025-02-11
OKC Thunder v NY Knicks,NY Knicks,OKC Thunder,2025-01-04 01:10:00+00:00,159,-180,2025-01-04
OKC Thunder v PHI 76ers,PHI 76ers,OKC Thunder,2025-03-20 00:00:00+00:00,0,0,2025-03-20
OKC Thunder v PHX Suns,PHX Suns,OKC Thunder,2025-02-06 02:30:00+00:00,0,0,2025-02-06
OKC Thunder v POR Trail Blazers,POR Trail Blazers,OKC Thunder,2025-03-08 01:00:00+00:00,0,0,2025-03-08
OKC Thunder v SAC Kings,SAC Kings,OKC Thunder,2025-02-02 01:00:00+00:00,0,0,2025-02-02
OKC Thunder v TOR Raptors,TOR Raptors,OKC Thunder,2025-02-08 01:00:00+00:00,0,0,2025-02-08
OKC Thunder v UTA Jazz,UTA Jazz,OKC Thunder,2025-01-23 01:00:00+00:00,0,0,2025-01-23
OKC Thunder v UTA Jazz,UTA Jazz,OKC Thunder,2024-12-04 01:10:00+00:00,658,-925,2024-12-04
OKC Thunder v WAS Wizards,WAS Wizards,OKC Thunder,2024-12-24 01:10:00+00:00,978,-1492,2024-12-24
ORL Magic v ATL Hawks,ATL Hawks,ORL Magic,2025-02-11 00:00:00+00:00,0,0,2025-02-11
ORL Magic v BKN Nets,BKN Nets,ORL Magic,2024-12-29 20:40:00+00:00,269,-319,2024-12-29
ORL Magic v BOS Celtics,BOS Celtics,ORL Magic,2024-12-24 00:10:00+00:00,-487,387,2024-12-24
ORL Magic v CHA Hornets,CHA Hornets,ORL Magic,2025-02-13 00:00:00+00:00,0,0,2025-02-13
ORL Magic v CHI Bulls,CHI Bulls,ORL Magic,2025-03-07 00:00:00+00:00,0,0,2025-03-07
ORL Magic v CHI Bulls,CHI Bulls,ORL Magic,2024-11-28 00:10:00+00:00,333,-409,2024-11-28
ORL Magic v CLE Cavaliers,CLE Cavaliers,ORL Magic,2025-02-26 00:30:00+00:00,0,0,2025-02-26
ORL Magic v DAL Mavericks,DAL Mavericks,ORL Magic,2025-03-27 23:00:00+00:00,0,0,2025-03-27
ORL Magic v DEN Nuggets,DEN Nuggets,ORL Magic,2025-01-19 23:00:00+00:00,-296,252,2025-01-19
ORL Magic v DET Pistons,DET Pistons,ORL Magic,2025-01-26 00:00:00+00:00,135,-152,2025-01-26
ORL Magic v DET Pistons,DET Pistons,ORL Magic,2024-11-24 00:00:00+00:00,322,-393,2024-11-24
ORL Magic v GS Warriors,GS Warriors,ORL Magic,2025-02-28 00:00:00+00:00,0,0,2025-02-28
ORL Magic v HOU Rockets,HOU Rockets,ORL Magic,2025-03-19 23:00:00+00:00,0,0,2025-03-19
ORL Magic v LA Clippers,LA Clippers,ORL Magic,2025-03-31 23:00:00+00:00,0,0,2025-03-31
ORL Magic v LA Lakers,LA Lakers,ORL Magic,2025-03-24 23:00:00+00:00,0,0,2025-03-24
ORL Magic v MEM Grizzlies,MEM Grizzlies,ORL Magic,2025-02-22 00:00:00+00:00,0,0,2025-02-22
ORL Magic v MIA Heat,MIA Heat,ORL Magic,2024-12-27 00:10:00+00:00,-104,-106,2024-12-27
ORL Magic v MIA Heat,MIA Heat,ORL Magic,2024-12-22 00:10:00+00:00,124,-139,2024-12-22
ORL Magic v MIL Bucks,MIL Bucks,ORL Magic,2025-01-11 00:10:00+00:00,-244,211,2025-01-11
ORL Magic v MIN Timberwolves,MIN Timberwolves,ORL Magic,2025-01-10 00:10:00+00:00,-213,186,2025-01-10
ORL Magic v NY Knicks,NY Knicks,ORL Magic,2024-12-28 00:10:00+00:00,-269,230,2024-12-28
ORL Magic v NY Knicks,NY Knicks,ORL Magic,2024-12-15 23:00:00+00:00,-185,163,2024-12-15
ORL Magic v OKC Thunder,OKC Thunder,ORL Magic,2024-12-20 00:00:00+00:00,-263,189,2024-12-20
ORL Magic v PHI 76ers,PHI 76ers,ORL Magic,2025-01-12 23:10:00+00:00,-107,-103,2025-01-12
ORL Magic v PHX Suns,PHX Suns,ORL Magic,2024-12-08 23:40:00+00:00,118,-132,2024-12-08
ORL Magic v POR Trail Blazers,POR Trail Blazers,ORL Magic,2025-01-24 00:00:00+00:00,264,-313,2025-01-24
ORL Magic v SA Spurs,SA Spurs,ORL Magic,2025-02-09 00:00:00+00:00,0,0,2025-02-09
ORL Magic v SAC Kings,SAC Kings,ORL Magic,2025-03-29 21:00:00+00:00,0,0,2025-03-29
ORL Magic v TOR Raptors,TOR Raptors,ORL Magic,2025-03-05 00:00:00+00:00,0,0,2025-03-05
ORL Magic v TOR Raptors,TOR Raptors,ORL Magic,2025-03-02 23:00:00+00:00,0,0,2025-03-02
ORL Magic v UTA Jazz,UTA Jazz,ORL Magic,2025-01-05 23:40:00+00:00,256,-302,2025-01-05
ORL Magic v WAS Wizards,WAS Wizards,ORL Magic,2025-02-23 23:00:00+00:00,0,0,2025-02-23
PHI 76ers v BKN Nets,BKN Nets,PHI 76ers,2025-02-23 00:30:00+00:00,0,0,2025-02-23
PHI 76ers v BKN Nets,BKN Nets,PHI 76ers,2024-11-23 00:10:00+00:00,157,-178,2024-11-23
PHI 76ers v BOS Celtics,BOS Celtics,PHI 76ers,2025-02-21 00:00:00+00:00,0,0,2025-02-21
PHI 76ers v BOS Celtics,BOS Celtics,PHI 76ers,2025-02-02 23:00:00+00:00,0,0,2025-02-02
PHI 76ers v CHA Hornets,CHA Hornets,PHI 76ers,2024-12-21 00:00:00+00:00,548,-1111,2024-12-21
PHI 76ers v CHI Bulls,CHI Bulls,PHI 76ers,2025-02-25 00:00:00+00:00,0,0,2025-02-25
PHI 76ers v CLE Cavaliers,CLE Cavaliers,PHI 76ers,2025-01-25 00:00:00+00:00,-492,391,2025-01-25
PHI 76ers v DAL Mavericks,DAL Mavericks,PHI 76ers,2025-02-05 00:00:00+00:00,0,0,2025-02-05
PHI 76ers v DEN Nuggets,DEN Nuggets,PHI 76ers,2025-02-01 00:30:00+00:00,-393,322,2025-02-01
PHI 76ers v GS Warriors,GS Warriors,PHI 76ers,2025-03-02 01:30:00+00:00,0,0,2025-03-02
PHI 76ers v HOU Rockets,HOU Rockets,PHI 76ers,2024-11-28 00:10:00+00:00,-203,179,2024-11-28
PHI 76ers v IND Pacers,IND Pacers,PHI 76ers,2025-03-14 23:00:00+00:00,0,0,2025-03-14
PHI 76ers v IND Pacers,IND Pacers,PHI 76ers,2024-12-14 00:10:00+00:00,172,-238,2024-12-14
PHI 76ers v LA Clippers,LA Clippers,PHI 76ers,2024-11-24 23:10:00+00:00,-122,109,2024-11-24
PHI 76ers v LA Lakers,LA Lakers,PHI 76ers,2025-01-29 00:30:00+00:00,-180,159,2025-01-29
PHI 76ers v MIA Heat,MIA Heat,PHI 76ers,2025-03-29 23:30:00+00:00,0,0,2025-03-29
PHI 76ers v MIA Heat,MIA Heat,PHI 76ers,2025-02-06 00:30:00+00:00,0,0,2025-02-06
PHI 76ers v NO Pelicans,NO Pelicans,PHI 76ers,2025-01-11 00:10:00+00:00,173,-196,2025-01-11
PHI 76ers v NY Knicks,NY Knicks,PHI 76ers,2025-01-16 00:00:00+00:00,0,0,2025-01-16
PHI 76ers v OKC Thunder,OKC Thunder,PHI 76ers,2025-01-15 00:10:00+00:00,-636,486,2025-01-15
PHI 76ers v ORL Magic,ORL Magic,PHI 76ers,2024-12-07 00:10:00+00:00,-166,147,2024-12-07
PHI 76ers v ORL Magic,ORL Magic,PHI 76ers,2024-12-05 00:40:00+00:00,-196,172,2024-12-05
PHI 76ers v PHX Suns,PHX Suns,PHI 76ers,2025-01-07 00:10:00+00:00,132,-149,2025-01-07
PHI 76ers v POR Trail Blazers,POR Trail Blazers,PHI 76ers,2025-03-04 00:00:00+00:00,0,0,2025-03-04
PHI 76ers v SA Spurs,SA Spurs,PHI 76ers,2024-12-24 00:10:00+00:00,182,-208,2024-12-24
PHI 76ers v SAC Kings,SAC Kings,PHI 76ers,2025-01-30 00:30:00+00:00,-409,333,2025-01-30
PHI 76ers v TOR Raptors,TOR Raptors,PHI 76ers,2025-03-30 23:30:00+00:00,0,0,2025-03-30
PHI 76ers v TOR Raptors,TOR Raptors,PHI 76ers,2025-02-12 00:00:00+00:00,0,0,2025-02-12
PHI 76ers v UTA Jazz,UTA Jazz,PHI 76ers,2025-03-09 23:30:00+00:00,0,0,2025-03-09
PHI 76ers v WAS Wizards,WAS Wizards,PHI 76ers,2025-03-26 23:00:00+00:00,0,0,2025-03-26
PHI 76ers v WAS Wizards,WAS Wizards,PHI 76ers,2025-01-09 00:10:00+00:00,398,-502,2025-01-09
PHX Suns v ATL Hawks,ATL Hawks,PHX Suns,2025-01-10 02:10:00+00:00,195,-224,2025-01-10
PHX Suns v BKN Nets,BKN Nets,PHX Suns,2024-11-28 02:10:00+00:00,267,-316,2024-11-28
PHX Suns v BOS Celtics,BOS Celtics,PHX Suns,2025-03-27 02:00:00+00:00,0,0,2025-03-27
PHX Suns v CHA Hornets,CHA Hornets,PHX Suns,2025-01-13 02:10:00+00:00,247,-290,2025-01-13
PHX Suns v CHI Bulls,CHI Bulls,PHX Suns,2025-03-20 02:00:00+00:00,0,0,2025-03-20
PHX Suns v CLE Cavaliers,CLE Cavaliers,PHX Suns,2025-03-22 02:00:00+00:00,0,0,2025-03-22
PHX Suns v DAL Mavericks,DAL Mavericks,PHX Suns,2024-12-28 02:10:00+00:00,100,-111,2024-12-28
PHX Suns v DEN Nuggets,DEN Nuggets,PHX Suns,2025-02-09 02:00:00+00:00,0,0,2025-02-09
PHX Suns v DEN Nuggets,DEN Nuggets,PHX Suns,2024-12-26 03:40:00+00:00,-141,126,2024-12-26
PHX Suns v DET Pistons,DET Pistons,PHX Suns,2024-12-22 02:10:00+00:00,206,-238,2024-12-22
PHX Suns v GSW Warriors,GSW Warriors,PHX Suns,2024-12-01 02:00:00+00:00,114,-127,2024-12-01
PHX Suns v HOU Rockets,HOU Rockets,PHX Suns,2025-03-31 01:00:00+00:00,0,0,2025-03-31
PHX Suns v IND Pacers,IND Pacers,PHX Suns,2024-12-20 02:10:00+00:00,192,-270,2024-12-20
PHX Suns v LA Clippers,LA Clippers,PHX Suns,2025-03-05 03:00:00+00:00,0,0,2025-03-05
PHX Suns v LA Clippers,LA Clippers,PHX Suns,2025-01-28 02:30:00+00:00,-130,116,2025-01-28
PHX Suns v LAL Lakers,LAL Lakers,PHX Suns,2024-11-27 03:00:00+00:00,-108,-121,2024-11-27
PHX Suns v MEM Grizzlies,MEM Grizzlies,PHX Suns,2025-02-12 03:00:00+00:00,0,0,2025-02-12
PHX Suns v MEM Grizzlies,MEM Grizzlies,PHX Suns,2025-01-01 02:10:00+00:00,156,-176,2025-01-01
PHX Suns v MIL Bucks,MIL Bucks,PHX Suns,2025-03-25 02:00:00+00:00,0,0,2025-03-25
PHX Suns v MIN Timberwolves,MIN Timberwolves,PHX Suns,2025-03-03 02:30:00+00:00,0,0,2025-03-03
PHX Suns v MIN Timberwolves,MIN Timberwolves,PHX Suns,2025-01-30 02:00:00+00:00,-116,104,2025-01-30
PHX Suns v NO Pelicans,NO Pelicans,PHX Suns,2025-03-01 02:00:00+00:00,0,0,2025-03-01
PHX Suns v NO Pelicans,NO Pelicans,PHX Suns,2025-02-28 03:00:00+00:00,0,0,2025-02-28
PHX Suns v POR Trail Blazers,POR Trail Blazers,PHX Suns,2024-12-16 01:10:00+00:00,486,-636,2024-12-16
PHX Suns v SAC Kings,SAC Kings,PHX Suns,2025-03-15 02:00:00+00:00,0,0,2025-03-15
PHX Suns v SAS Spurs,SAS Spurs,PHX Suns,2024-12-04 02:10:00+00:00,251,-295,2024-12-04
PHX Suns v TOR Raptors,TOR Raptors,PHX Suns,2025-03-18 02:00:00+00:00,0,0,2025-03-18
PHX Suns v UTA Jazz,UTA Jazz,PHX Suns,2025-02-08 03:00:00+00:00,0,0,2025-02-08
PHX Suns v UTA Jazz,UTA Jazz,PHX Suns,2025-01-11 22:10:00+00:00,456,-591,2025-01-11
PHX Suns v WAS Wizards,WAS Wizards,PHX Suns,2025-01-26 02:00:00+00:00,646,-909,2025-01-26
POR Trail Blazers v BKN Nets,BKN Nets,POR Trail Blazers,2025-01-15 03:10:00+00:00,192,-220,2025-01-15
POR Trail Blazers v BOS Celtics,BOS Celtics,POR Trail Blazers,2025-03-23 22:00:00+00:00,0,0,2025-03-23
POR Trail Blazers v CHA Hornets,CHA Hornets,POR Trail Blazers,2025-02-23 03:00:00+00:00,0,0,2025-02-23
POR Trail Blazers v CHI Bulls,CHI Bulls,POR Trail Blazers,2025-01-20 02:00:00+00:00,-237,205,2025-01-20
POR Trail Blazers v CLE Cavaliers,CLE Cavaliers,POR Trail Blazers,2025-03-26 02:00:00+00:00,0,0,2025-03-26
POR Trail Blazers v DAL Mavericks,DAL Mavericks,POR Trail Blazers,2024-12-29 03:10:00+00:00,-197,173,2024-12-29
POR Trail Blazers v DEN Nuggets,DEN Nuggets,POR Trail Blazers,2025-03-22 02:00:00+00:00,0,0,2025-03-22
POR Trail Blazers v DEN Nuggets,DEN Nuggets,POR Trail Blazers,2024-12-20 03:10:00+00:00,-400,271,2024-12-20
POR Trail Blazers v DET Pistons,DET Pistons,POR Trail Blazers,2025-03-10 01:00:00+00:00,0,0,2025-03-10
POR Trail Blazers v HOU Rockets,HOU Rockets,POR Trail Blazers,2025-01-19 03:00:00+00:00,-628,478,2025-01-19
POR Trail Blazers v IND Pacers,IND Pacers,POR Trail Blazers,2025-02-05 03:00:00+00:00,0,0,2025-02-05
POR Trail Blazers v LA Clippers,LA Clippers,POR Trail Blazers,2025-01-17 03:10:00+00:00,-256,220,2025-01-17
POR Trail Blazers v LA Lakers,LA Lakers,POR Trail Blazers,2025-02-21 03:00:00+00:00,0,0,2025-02-21
POR Trail Blazers v MEM Grizzlies,MEM Grizzlies,POR Trail Blazers,2025-03-20 02:00:00+00:00,0,0,2025-03-20
POR Trail Blazers v MIA Heat,MIA Heat,POR Trail Blazers,2025-01-12 03:10:00+00:00,-173,153,2025-01-12
POR Trail Blazers v MIL Bucks,MIL Bucks,POR Trail Blazers,2025-01-29 03:00:00+00:00,-199,175,2025-01-29
POR Trail Blazers v NY Knicks,NY Knicks,POR Trail Blazers,2025-03-13 02:00:00+00:00,0,0,2025-03-13
POR Trail Blazers v OKC Thunder,OKC Thunder,POR Trail Blazers,2025-01-26 23:00:00+00:00,-934,663,2025-01-26
POR Trail Blazers v ORL Magic,ORL Magic,POR Trail Blazers,2025-01-31 03:00:00+00:00,-198,173,2025-01-31
POR Trail Blazers v PHI 76ers,PHI 76ers,POR Trail Blazers,2024-12-31 03:10:00+00:00,-248,214,2024-12-31
POR Trail Blazers v PHX Suns,PHX Suns,POR Trail Blazers,2025-02-04 03:00:00+00:00,0,0,2025-02-04
POR Trail Blazers v PHX Suns,PHX Suns,POR Trail Blazers,2025-02-02 03:00:00+00:00,0,0,2025-02-02
POR Trail Blazers v SA Spurs,SA Spurs,POR Trail Blazers,2024-12-14 03:10:00+00:00,-163,123,2024-12-14
POR Trail Blazers v SAC Kings,SAC Kings,POR Trail Blazers,2025-02-07 03:00:00+00:00,-104,-106,2025-02-07
POR Trail Blazers v SAC Kings,SAC Kings,POR Trail Blazers,2024-11-30 03:10:00+00:00,-276,236,2024-11-30
POR Trail Blazers v TOR Raptors,TOR Raptors,POR Trail Blazers,2025-03-16 22:00:00+00:00,0,0,2025-03-16
POR Trail Blazers v UTA Jazz,UTA Jazz,POR Trail Blazers,2024-12-27 03:10:00+00:00,107,-119,2024-12-27
POR Trail Blazers v UTA Jazz,UTA Jazz,POR Trail Blazers,2024-12-07 03:10:00+00:00,122,-137,2024-12-07
POR Trail Blazers v WAS Wizards,WAS Wizards,POR Trail Blazers,2025-03-18 02:00:00+00:00,0,0,2025-03-18
SA Spurs v ATL Hawks,ATL Hawks,SA Spurs,2024-12-20 01:10:00+00:00,-109,-120,2024-12-20
SA Spurs v BKN Nets,BKN Nets,SA Spurs,2025-03-05 01:30:00+00:00,0,0,2025-03-05
SA Spurs v BOS Celtics,BOS Celtics,SA Spurs,2025-03-30 00:00:00+00:00,0,0,2025-03-30
SA Spurs v CHA Hornets,CHA Hornets,SA Spurs,2025-03-15 00:00:00+00:00,0,0,2025-03-15
SA Spurs v DAL Mavericks,DAL Mavericks,SA Spurs,2025-03-13 00:00:00+00:00,0,0,2025-03-13
SA Spurs v DAL Mavericks,DAL Mavericks,SA Spurs,2025-03-11 00:30:00+00:00,0,0,2025-03-11
SA Spurs v DEN Nuggets,DEN Nuggets,SA Spurs,2025-01-05 01:10:00+00:00,-155,138,2025-01-05
SA Spurs v DET Pistons,DET Pistons,SA Spurs,2025-02-22 01:30:00+00:00,0,0,2025-02-22
SA Spurs v GS Warriors,GS Warriors,SA Spurs,2025-03-30 23:00:00+00:00,0,0,2025-03-30
SA Spurs v IND Pacers,IND Pacers,SA Spurs,2025-01-25 17:00:00+00:00,-133,100,2025-01-25
SA Spurs v LA Clippers,LA Clippers,SA Spurs,2025-01-30 01:00:00+00:00,-176,156,2025-01-30
SA Spurs v LA Clippers,LA Clippers,SA Spurs,2025-01-01 00:10:00+00:00,150,-170,2025-01-01
SA Spurs v MEM Grizzlies,MEM Grizzlies,SA Spurs,2025-01-18 02:40:00+00:00,-138,123,2025-01-18
SA Spurs v MEM Grizzlies,MEM Grizzlies,SA Spurs,2025-01-16 02:40:00+00:00,-139,124,2025-01-16
SA Spurs v MIA Heat,MIA Heat,SA Spurs,2025-02-02 01:30:00+00:00,0,0,2025-02-02
SA Spurs v MIL Bucks,MIL Bucks,SA Spurs,2025-02-01 01:00:00+00:00,-128,115,2025-02-01
SA Spurs v MIN Timberwolves,MIN Timberwolves,SA Spurs,2024-12-16 00:10:00+00:00,-177,156,2024-12-16
SA Spurs v NO Pelicans,NO Pelicans,SA Spurs,2025-03-16 00:30:00+00:00,0,0,2025-03-16
SA Spurs v NO Pelicans,NO Pelicans,SA Spurs,2024-12-09 00:10:00+00:00,193,-222,2024-12-09
SA Spurs v NY Knicks,NY Knicks,SA Spurs,2025-03-20 00:00:00+00:00,0,0,2025-03-20
SA Spurs v OKC Thunder,OKC Thunder,SA Spurs,2025-03-03 00:00:00+00:00,0,0,2025-03-03
SA Spurs v PHI 76ers,PHI 76ers,SA Spurs,2025-03-22 00:00:00+00:00,0,0,2025-03-22
SA Spurs v PHX Suns,PHX Suns,SA Spurs,2025-02-21 02:30:00+00:00,0,0,2025-02-21
SA Spurs v POR Trail Blazers,POR Trail Blazers,SA Spurs,2024-12-22 01:40:00+00:00,227,-265,2024-12-22
SA Spurs v SAC Kings,SAC Kings,SA Spurs,2024-12-07 01:10:00+00:00,-223,194,2024-12-07
SAC Kings v BKN Nets,BKN Nets,SAC Kings,2024-11-25 02:10:00+00:00,328,-401,2024-11-25
SAC Kings v BOS Celtics,BOS Celtics,SAC Kings,2025-03-25 02:00:00+00:00,0,0,2025-03-25
SAC Kings v CHA Hornets,CHA Hornets,SAC Kings,2025-02-25 03:00:00+00:00,0,0,2025-02-25
SAC Kings v CHI Bulls,CHI Bulls,SAC Kings,2025-03-21 02:00:00+00:00,0,0,2025-03-21
SAC Kings v CLE Cavaliers,CLE Cavaliers,SAC Kings,2025-03-20 02:00:00+00:00,0,0,2025-03-20
SAC Kings v DAL Mavericks,DAL Mavericks,SAC Kings,2024-12-31 03:10:00+00:00,153,-173,2024-12-31
SAC Kings v DEN Nuggets,DEN Nuggets,SAC Kings,2024-12-17 03:10:00+00:00,109,-121,2024-12-17
SAC Kings v DET Pistons,DET Pistons,SAC Kings,2024-12-27 03:10:00+00:00,192,-221,2024-12-27
SAC Kings v GS Warriors,GS Warriors,SAC Kings,2025-02-22 03:00:00+00:00,0,0,2025-02-22
SAC Kings v GS Warriors,GS Warriors,SAC Kings,2025-01-23 03:00:00+00:00,233,-273,2025-01-23
SAC Kings v HOU Rockets,HOU Rockets,SAC Kings,2025-01-17 03:10:00+00:00,151,-170,2025-01-17
SAC Kings v HOU Rockets,HOU Rockets,SAC Kings,2024-12-04 03:10:00+00:00,102,-114,2024-12-04
SAC Kings v IND Pacers,IND Pacers,SAC Kings,2024-12-22 23:10:00+00:00,116,-130,2024-12-22
SAC Kings v LA Lakers,LA Lakers,SAC Kings,2024-12-21 23:10:00+00:00,175,-198,2024-12-21
SAC Kings v LA Lakers,LA Lakers,SAC Kings,2024-12-20 03:10:00+00:00,163,-222,2024-12-20
SAC Kings v MEM Grizzlies,MEM Grizzlies,SAC Kings,2025-03-18 02:00:00+00:00,0,0,2025-03-18
SAC Kings v MEM Grizzlies,MEM Grizzlies,SAC Kings,2025-01-04 03:10:00+00:00,131,-147,2025-01-04
SAC Kings v MIA Heat,MIA Heat,SAC Kings,2025-01-07 03:10:00+00:00,144,-162,2025-01-07
SAC Kings v MIL Bucks,MIL Bucks,SAC Kings,2025-03-23 02:00:00+00:00,0,0,2025-03-23
SAC Kings v NO Pelicans,NO Pelicans,SAC Kings,2025-02-09 03:00:00+00:00,0,0,2025-02-09
SAC Kings v NY Knicks,NY Knicks,SAC Kings,2025-03-11 02:30:00+00:00,0,0,2025-03-11
SAC Kings v OKC Thunder,OKC Thunder,SAC Kings,2025-03-26 02:00:00+00:00,0,0,2025-03-26
SAC Kings v OKC Thunder,OKC Thunder,SAC Kings,2024-11-26 03:10:00+00:00,-176,156,2024-11-26
SAC Kings v ORL Magic,ORL Magic,SAC Kings,2025-02-06 03:00:00+00:00,0,0,2025-02-06
SAC Kings v PHI 76ers,PHI 76ers,SAC Kings,2025-01-02 03:10:00+00:00,218,-253,2025-01-02
SAC Kings v POR Trail Blazers,POR Trail Blazers,SAC Kings,2025-03-28 02:00:00+00:00,0,0,2025-03-28
SAC Kings v SA Spurs,SA Spurs,SAC Kings,2025-03-08 03:00:00+00:00,0,0,2025-03-08
SAC Kings v SAS Spurs,SAS Spurs,SAC Kings,2024-12-02 02:10:00+00:00,205,-236,2024-12-02
SAC Kings v UTA Jazz,UTA Jazz,SAC Kings,2024-12-09 02:10:00+00:00,501,-662,2024-12-09
SAC Kings v WAS Wizards,WAS Wizards,SAC Kings,2025-01-20 02:00:00+00:00,1010,-1562,2025-01-20
SAS Spurs v CHI Bulls,CHI Bulls,SAS Spurs,2024-12-06 01:10:00+00:00,110,-123,2024-12-06
SAS Spurs v GSW Warriors,GSW Warriors,SAS Spurs,2024-11-24 01:30:00+00:00,-138,123,2024-11-24
SAS Spurs v LAL Lakers,LAL Lakers,SAS Spurs,2024-11-28 01:40:00+00:00,-127,114,2024-11-28
TOR Raptors v ATL Hawks,ATL Hawks,TOR Raptors,2024-12-29 23:10:00+00:00,-107,-103,2024-12-29
TOR Raptors v BKN Nets,BKN Nets,TOR Raptors,2025-01-02 00:40:00+00:00,114,-127,2025-01-02
TOR Raptors v BKN Nets,BKN Nets,TOR Raptors,2024-12-20 00:40:00+00:00,131,-175,2024-12-20
TOR Raptors v BOS Celtics,BOS Celtics,TOR Raptors,2025-02-26 00:00:00+00:00,0,0,2025-02-26
TOR Raptors v BOS Celtics,BOS Celtics,TOR Raptors,2025-01-16 00:30:00+00:00,-1030,728,2025-01-16
TOR Raptors v CHA Hornets,CHA Hornets,TOR Raptors,2025-03-28 23:30:00+00:00,0,0,2025-03-28
TOR Raptors v CHI Bulls,CHI Bulls,TOR Raptors,2025-02-01 00:30:00+00:00,144,-162,2025-02-01
TOR Raptors v CHI Bulls,CHI Bulls,TOR Raptors,2024-12-17 00:40:00+00:00,-122,109,2024-12-17
TOR Raptors v CLE Cavaliers,CLE Cavaliers,TOR Raptors,2025-02-13 00:30:00+00:00,0,0,2025-02-13
TOR Raptors v DAL Mavericks,DAL Mavericks,TOR Raptors,2024-12-08 00:40:00+00:00,-349,290,2024-12-08
TOR Raptors v GS Warriors,GS Warriors,TOR Raptors,2025-01-14 00:40:00+00:00,-220,192,2025-01-14
TOR Raptors v HOU Rockets,HOU Rockets,TOR Raptors,2024-12-22 23:10:00+00:00,-318,268,2024-12-22
TOR Raptors v IND Pacers,IND Pacers,TOR Raptors,2024-12-04 00:40:00+00:00,-142,126,2024-12-04
TOR Raptors v LA Clippers,LA Clippers,TOR Raptors,2025-02-02 20:30:00+00:00,0,0,2025-02-02
TOR Raptors v MEM Grizzlies,MEM Grizzlies,TOR Raptors,2025-02-06 00:30:00+00:00,0,0,2025-02-06
TOR Raptors v MIA Heat,MIA Heat,TOR Raptors,2025-02-22 00:30:00+00:00,0,0,2025-02-22
TOR Raptors v MIA Heat,MIA Heat,TOR Raptors,2024-12-01 23:00:00+00:00,-184,162,2024-12-01
TOR Raptors v MIL Bucks,MIL Bucks,TOR Raptors,2025-01-07 00:40:00+00:00,-296,252,2025-01-07
TOR Raptors v NO Pelicans,NO Pelicans,TOR Raptors,2025-01-28 00:30:00+00:00,-136,122,2025-01-28
TOR Raptors v NY Knicks,NY Knicks,TOR Raptors,2025-02-05 00:30:00+00:00,0,0,2025-02-05
TOR Raptors v NY Knicks,NY Knicks,TOR Raptors,2024-12-10 00:40:00+00:00,-261,225,2024-12-10
TOR Raptors v OKC Thunder,OKC Thunder,TOR Raptors,2024-12-06 00:40:00+00:00,-425,345,2024-12-06
TOR Raptors v ORL Magic,ORL Magic,TOR Raptors,2025-01-22 00:30:00+00:00,-115,103,2025-01-22
TOR Raptors v ORL Magic,ORL Magic,TOR Raptors,2025-01-04 00:40:00+00:00,-114,103,2025-01-04
TOR Raptors v PHI 76ers,PHI 76ers,TOR Raptors,2025-03-12 23:30:00+00:00,0,0,2025-03-12
TOR Raptors v PHX Suns,PHX Suns,TOR Raptors,2025-02-23 23:00:00+00:00,0,0,2025-02-23
TOR Raptors v SA Spurs,SA Spurs,TOR Raptors,2025-03-23 22:00:00+00:00,0,0,2025-03-23
TOR Raptors v UTA Jazz,UTA Jazz,TOR Raptors,2025-03-08 00:30:00+00:00,0,0,2025-03-08
TOR Raptors v WAS Wizards,WAS Wizards,TOR Raptors,2025-03-10 23:30:00+00:00,0,0,2025-03-10
TOR Raptors v WAS Wizards,WAS Wizards,TOR Raptors,2025-03-09 00:30:00+00:00,0,0,2025-03-09
UTA Jazz v ATL Hawks,ATL Hawks,UTA Jazz,2025-01-08 02:10:00+00:00,-242,209,2025-01-08
UTA Jazz v BKN Nets,BKN Nets,UTA Jazz,2025-01-13 01:10:00+00:00,159,-180,2025-01-13
UTA Jazz v BOS Celtics,BOS Celtics,UTA Jazz,2025-03-22 01:30:00+00:00,0,0,2025-03-22
UTA Jazz v CHA Hornets,CHA Hornets,UTA Jazz,2025-01-16 02:10:00+00:00,-198,174,2025-01-16
UTA Jazz v CHI Bulls,CHI Bulls,UTA Jazz,2025-03-18 01:00:00+00:00,0,0,2025-03-18
UTA Jazz v CLE Cavaliers,CLE Cavaliers,UTA Jazz,2025-03-23 19:30:00+00:00,0,0,2025-03-23
UTA Jazz v DAL Mavericks,DAL Mavericks,UTA Jazz,2024-12-01 02:40:00+00:00,-240,208,2024-12-01
UTA Jazz v DEN Nuggets,DEN Nuggets,UTA Jazz,2024-12-31 02:10:00+00:00,-257,221,2024-12-31
UTA Jazz v DEN Nuggets,DEN Nuggets,UTA Jazz,2024-11-28 02:10:00+00:00,-421,343,2024-11-28
UTA Jazz v DET Pistons,DET Pistons,UTA Jazz,2025-03-04 02:00:00+00:00,0,0,2025-03-04
UTA Jazz v GS Warriors,GS Warriors,UTA Jazz,2025-02-06 02:00:00+00:00,0,0,2025-02-06
UTA Jazz v HOU Rockets,HOU Rockets,UTA Jazz,2025-03-28 01:00:00+00:00,0,0,2025-03-28
UTA Jazz v HOU Rockets,HOU Rockets,UTA Jazz,2025-02-23 02:30:00+00:00,0,0,2025-02-23
UTA Jazz v IND Pacers,IND Pacers,UTA Jazz,2025-02-04 02:00:00+00:00,0,0,2025-02-04
UTA Jazz v LA Clippers,LA Clippers,UTA Jazz,2025-02-14 02:00:00+00:00,0,0,2025-02-14
UTA Jazz v LA Lakers,LA Lakers,UTA Jazz,2025-02-13 02:00:00+00:00,0,0,2025-02-13
UTA Jazz v LAL Lakers,LAL Lakers,UTA Jazz,2024-12-02 01:10:00+00:00,-282,240,2024-12-02
UTA Jazz v MEM Grizzlies,MEM Grizzlies,UTA Jazz,2025-03-26 01:00:00+00:00,0,0,2025-03-26
UTA Jazz v MIA Heat,MIA Heat,UTA Jazz,2025-01-10 02:10:00+00:00,-210,184,2025-01-10
UTA Jazz v MIL Bucks,MIL Bucks,UTA Jazz,2025-01-28 02:00:00+00:00,-386,316,2025-01-28
UTA Jazz v MIN Timberwolves,MIN Timberwolves,UTA Jazz,2025-03-01 02:30:00+00:00,0,0,2025-03-01
UTA Jazz v MIN Timberwolves,MIN Timberwolves,UTA Jazz,2025-01-31 02:00:00+00:00,0,0,2025-01-31
UTA Jazz v NO Pelicans,NO Pelicans,UTA Jazz,2025-03-03 01:00:00+00:00,0,0,2025-03-03
UTA Jazz v NYK Knicks,NYK Knicks,UTA Jazz,2024-11-23 22:10:00+00:00,-371,308,2024-11-23
UTA Jazz v OKC Thunder,OKC Thunder,UTA Jazz,2025-02-22 02:30:00+00:00,0,0,2025-02-22
UTA Jazz v ORL Magic,ORL Magic,UTA Jazz,2025-02-01 22:00:00+00:00,0,0,2025-02-01
UTA Jazz v PHI 76ers,PHI 76ers,UTA Jazz,2024-12-29 02:40:00+00:00,-249,214,2024-12-29
UTA Jazz v PHX Suns,PHX Suns,UTA Jazz,2024-12-14 02:40:00+00:00,-217,160,2024-12-14
UTA Jazz v POR Trail Blazers,POR Trail Blazers,UTA Jazz,2025-02-25 02:00:00+00:00,0,0,2025-02-25
UTA Jazz v SAC Kings,SAC Kings,UTA Jazz,2025-02-27 02:00:00+00:00,0,0,2025-02-27
UTA Jazz v SAS Spurs,SAS Spurs,UTA Jazz,2024-11-27 02:10:00+00:00,-130,117,2024-11-27
UTA Jazz v TOR Raptors,TOR Raptors,UTA Jazz,2025-03-15 01:30:00+00:00,0,0,2025-03-15
UTA Jazz v WAS Wizards,WAS Wizards,UTA Jazz,2025-03-20 01:00:00+00:00,0,0,2025-03-20
WAS Wizards v ATL Hawks,ATL Hawks,WAS Wizards,2025-02-09 00:00:00+00:00,0,0,2025-02-09
WAS Wizards v BKN Nets,BKN Nets,WAS Wizards,2025-03-29 23:00:00+00:00,0,0,2025-03-29
WAS Wizards v BKN Nets,BKN Nets,WAS Wizards,2025-02-25 00:00:00+00:00,0,0,2025-02-25
WAS Wizards v BOS Celtics,BOS Celtics,WAS Wizards,2024-12-15 23:00:00+00:00,-1851,1145,2024-12-15
WAS Wizards v BOS Celtics,BOS Celtics,WAS Wizards,2024-11-23 00:00:00+00:00,-1449,952,2024-11-23
WAS Wizards v CHA Hornets,CHA Hornets,WAS Wizards,2024-12-27 00:00:00+00:00,-185,163,2024-12-27
WAS Wizards v CHA Hornets,CHA Hornets,WAS Wizards,2024-12-20 00:10:00+00:00,-178,134,2024-12-20
WAS Wizards v CHI Bulls,CHI Bulls,WAS Wizards,2025-01-02 00:10:00+00:00,-224,195,2025-01-02
WAS Wizards v CHI Bulls,CHI Bulls,WAS Wizards,2024-11-27 00:10:00+00:00,-191,168,2024-11-27
WAS Wizards v CLE Cavaliers,CLE Cavaliers,WAS Wizards,2025-02-08 00:00:00+00:00,0,0,2025-02-08
WAS Wizards v DAL Mavericks,DAL Mavericks,WAS Wizards,2024-12-06 00:10:00+00:00,-999,698,2024-12-06
WAS Wizards v DEN Nuggets,DEN Nuggets,WAS Wizards,2024-12-08 00:10:00+00:00,-884,635,2024-12-08
WAS Wizards v HOU Rockets,HOU Rockets,WAS Wizards,2025-01-08 00:10:00+00:00,-724,540,2025-01-08
WAS Wizards v IND Pacers,IND Pacers,WAS Wizards,2025-03-27 23:00:00+00:00,0,0,2025-03-27
WAS Wizards v IND Pacers,IND Pacers,WAS Wizards,2025-02-13 00:00:00+00:00,0,0,2025-02-13
WAS Wizards v LA Clippers,LA Clippers,WAS Wizards,2024-11-28 00:10:00+00:00,-534,420,2024-11-28
WAS Wizards v LA Lakers,LA Lakers,WAS Wizards,2025-01-31 00:00:00+00:00,-350,292,2025-01-31
WAS Wizards v MEM Grizzlies,MEM Grizzlies,WAS Wizards,2024-12-09 00:10:00+00:00,-531,418,2024-12-09
WAS Wizards v MIA Heat,MIA Heat,WAS Wizards,2025-03-31 23:00:00+00:00,0,0,2025-03-31
WAS Wizards v MIL Bucks,MIL Bucks,WAS Wizards,2025-02-22 00:00:00+00:00,0,0,2025-02-22
WAS Wizards v MIN Timberwolves,MIN Timberwolves,WAS Wizards,2025-01-14 00:10:00+00:00,-925,657,2025-01-14
WAS Wizards v NO Pelicans,NO Pelicans,WAS Wizards,2025-01-05 23:10:00+00:00,-201,177,2025-01-05
WAS Wizards v NY Knicks,NY Knicks,WAS Wizards,2024-12-31 00:10:00+00:00,-689,517,2024-12-31
WAS Wizards v NY Knicks,NY Knicks,WAS Wizards,2024-12-29 00:10:00+00:00,-628,481,2024-12-29
WAS Wizards v OKC Thunder,OKC Thunder,WAS Wizards,2025-01-12 23:00:00+00:00,-1351,900,2025-01-12
WAS Wizards v ORL Magic,ORL Magic,WAS Wizards,2025-03-21 23:00:00+00:00,0,0,2025-03-21
WAS Wizards v PHX Suns,PHX Suns,WAS Wizards,2025-01-17 00:10:00+00:00,-632,482,2025-01-17
WAS Wizards v POR Trail Blazers,POR Trail Blazers,WAS Wizards,2025-02-27 00:00:00+00:00,0,0,2025-02-27
WAS Wizards v SA Spurs,SA Spurs,WAS Wizards,2025-02-11 00:00:00+00:00,0,0,2025-02-11
WAS Wizards v TOR Raptors,TOR Raptors,WAS Wizards,2025-03-24 23:00:00+00:00,0,0,2025-03-24
WAS Wizards v TOR Raptors,TOR Raptors,WAS Wizards,2025-01-30 00:00:00+00:00,-211,185,2025-01-30
WAS Wizards v UTA Jazz,UTA Jazz,WAS Wizards,2025-03-06 00:00:00+00:00,0,0,2025-03-06
